ID,Address,Latitude,Longitude,SPD_wind_vuln,SPD_exposure,SPD_tc_1000_ARI_baseline,SPD_tc_1000_ARI_RCP45_2041-2060,SPD_tc_1000_ARI_RCP45_2081-2100,SPD_tc_1000_ARI_RCP85_2041-2060,SPD_tc_1000_ARI_RCP85_2081-2100,SPD_tc_100_ARI_baseline,SPD_tc_100_ARI_RCP45_2041-2060,SPD_tc_100_ARI_RCP45_2081-2100,SPD_tc_100_ARI_RCP85_2041-2060,SPD_tc_100_ARI_RCP85_2081-2100,SPD_tc_10_ARI_baseline,SPD_tc_10_ARI_RCP45_2041-2060,SPD_tc_10_ARI_RCP45_2081-2100,SPD_tc_10_ARI_RCP85_2041-2060,SPD_tc_10_ARI_RCP85_2081-2100,SPD_tc_20_ARI_baseline,SPD_tc_20_ARI_RCP45_2041-2060,SPD_tc_20_ARI_RCP45_2081-2100,SPD_tc_20_ARI_RCP85_2041-2060,SPD_tc_20_ARI_RCP85_2081-2100,SPD_tc_500_ARI_baseline,SPD_tc_500_ARI_RCP45_2041-2060,SPD_tc_500_ARI_RCP45_2081-2100,SPD_tc_500_ARI_RCP85_2041-2060,SPD_tc_500_ARI_RCP85_2081-2100,SPD_tc_50_ARI_baseline,SPD_tc_50_ARI_RCP45_2041-2060,SPD_tc_50_ARI_RCP45_2081-2100,SPD_tc_50_ARI_RCP85_2041-2060,SPD_tc_50_ARI_RCP85_2081-2100,DM_tc_1000_ARI_baseline,DM_tc_1000_ARI_RCP45_2041-2060,DM_tc_1000_ARI_RCP45_2081-2100,DM_tc_1000_ARI_RCP85_2041-2060,DM_tc_1000_ARI_RCP85_2081-2100,DM_tc_100_ARI_baseline,DM_tc_100_ARI_RCP45_2041-2060,DM_tc_100_ARI_RCP45_2081-2100,DM_tc_100_ARI_RCP85_2041-2060,DM_tc_100_ARI_RCP85_2081-2100,DM_tc_10_ARI_baseline,DM_tc_10_ARI_RCP45_2041-2060,DM_tc_10_ARI_RCP45_2081-2100,DM_tc_10_ARI_RCP85_2041-2060,DM_tc_10_ARI_RCP85_2081-2100,DM_tc_20_ARI_baseline,DM_tc_20_ARI_RCP45_2041-2060,DM_tc_20_ARI_RCP45_2081-2100,DM_tc_20_ARI_RCP85_2041-2060,DM_tc_20_ARI_RCP85_2081-2100,DM_tc_500_ARI_baseline,DM_tc_500_ARI_RCP45_2041-2060,DM_tc_500_ARI_RCP45_2081-2100,DM_tc_500_ARI_RCP85_2041-2060,DM_tc_500_ARI_RCP85_2081-2100,DM_tc_50_ARI_baseline,DM_tc_50_ARI_RCP45_2041-2060,DM_tc_50_ARI_RCP45_2081-2100,DM_tc_50_ARI_RCP85_2041-2060,DM_tc_50_ARI_RCP85_2081-2100,45_2041Avg_Loss,45_2081Avg_Loss,85_2041Avg_Loss,85_2081Avg_Loss,45_2041Avg_DM,45_2081Avg_DM,85_2041Avg_DM,85_2081Avg_DM,Baseline_Avg_DM,Index_45_2041Avg_DM,Index_45_2081Avg_DM,Index_85_2041Avg_DM,Index_85_2081Avg_DM,Index_Baseline_Avg_DM
1,"Absolute beach front Mackay,4740,queensland",-21.0506584,149.1915115,TC_Curve3,98316,102.44477,104.97898,106.81846,100.98542,96.90508,66.86595,66.93648,63.36722,57.774845,50.383312,23.788965,22.341522,13.338624,15.429928,9.548401,39.016396,38.41799,31.434582,31.042334,24.265303,85.28707,87.038086,87.211044,76.25859,68.938416,55.923527,55.81454,50.87504,47.824043,41.17028,0.999950195,0.999968745,0.999977714,0.999934867,0.99986209,0.96660911,0.967025127,0.938324186,0.844741567,0.582943114,0.010405041,0.007993151,0.001536827,0.002255846,0.000766123,0.147398176,0.134100087,0.04112224,0.038370632,0.011346645,0.998833501,0.999154333,0.999180781,0.993895009,0.976945563,0.794707758,0.791419118,0.604746029,0.466126244,0.204382927,6900.135351,5352.215068,4618.672411,2891.149412,0.070183239,0.054438902,0.046977831,0.029406703,0.071488832,3,2,2,1,3
2,"Comfort resort blue pacific,4740,queensland",-21.0515856,149.1898916,TC_Curve3,931289,101.84748,103.405975,106.60019,99.90586,92.98344,66.047424,65.49463,62.240673,57.122932,49.622364,23.764702,22.171194,13.318093,15.396936,9.56218,38.818096,38.176838,31.154871,30.956245,24.057138,85.96212,87.88896,87.89591,76.683815,69.24921,55.462273,55.125587,50.616573,47.52523,40.716557,0.999944414,0.999958263,0.999976802,0.999920567,0.999716412,0.961395218,0.957440788,0.925191304,0.828363509,0.548584296,0.010359205,0.00774861,0.001531045,0.002242233,0.000768065,0.142874696,0.129034389,0.039141472,0.03779082,0.010925214,0.998969522,0.999276718,0.999277641,0.994351555,0.978198151,0.780525206,0.769736461,0.593331867,0.452482516,0.191151028,64004.72045,49905.97433,42927.11978,26296.32191,0.068727023,0.053588064,0.046094306,0.028236479,0.070464728,3,2,2,1,3
3,"mantra mackay,4740,queensland",-21.1120683,149.2240027,TC_Curve3,336494,101.18499,103.489456,106.46453,99.00987,97.78467,65.99808,66.66259,62.805813,56.578426,49.704384,23.584509,22.232494,13.312251,15.336253,9.482061,38.483788,37.700657,30.83997,30.761505,24.032562,83.5649,84.53956,86.55015,74.23965,67.050186,55.261963,55.426983,50.209015,47.643646,40.541492,0.999937214,0.999958899,0.999976216,0.999906343,0.999882681,0.961057051,0.965380969,0.93207303,0.813657866,0.552316116,0.010024993,0.007835752,0.001529404,0.002217409,0.000756842,0.135511081,0.119510012,0.03702104,0.036510126,0.010876492,0.998399645,0.998661862,0.999075028,0.991175014,0.967685344,0.774150756,0.779411634,0.57513153,0.457881974,0.186223649,23047.76181,17771.0492,15449.54409,9424.405606,0.068493827,0.052812381,0.045913283,0.028007648,0.069592727,3,2,2,1,3
4,"Rydges mackay suites , 4740, queensland",-21.1420248,149.1847443,TC_Curve3,466085,99.427956,100.0366,103.98611,95.89612,94.50344,64.645134,64.319855,61.07151,55.2809,48.28858,23.210484,21.792347,13.073029,15.109788,9.252893,37.73261,37.199394,30.400167,30.014292,23.45792,83.19938,84.10861,84.90743,73.58312,66.88445,54.21454,54.287525,49.006763,46.8245,39.53784,0.999913272,0.999922454,0.999962486,0.999833983,0.999785543,0.950601359,0.947715935,0.908884806,0.774758932,0.487430471,0.00936497,0.007230996,0.001463686,0.002127165,0.000725636,0.120129601,0.110146553,0.034243628,0.031973203,0.009796608,0.998288581,0.998551677,0.998749272,0.990054006,0.966718733,0.738716887,0.741298821,0.520429251,0.420800633,0.159859033,30701.4856,23294.21848,20205.81977,11972.96595,0.065871001,0.049978477,0.043352221,0.025688374,0.066722627,3,2,2,1,3
5,"McGuire's hotel, 4740, queensland",-21.1404106,149.1862115,TC_Curve3,730183,99.427956,100.0366,103.98611,95.89612,94.50344,64.645134,64.319855,61.07151,55.2809,48.28858,23.210484,21.792347,13.073029,15.109788,9.252893,37.73261,37.199394,30.400167,30.014292,23.45792,83.19938,84.10861,84.90743,73.58312,66.88445,54.21454,54.287525,49.006763,46.8245,39.53784,0.999913272,0.999922454,0.999962486,0.999833983,0.999785543,0.950601359,0.947715935,0.908884806,0.774758932,0.487430471,0.00936497,0.007230996,0.001463686,0.002127165,0.000725636,0.120129601,0.110146553,0.034243628,0.031973203,0.009796608,0.998288581,0.998551677,0.998749272,0.990054006,0.966718733,0.738716887,0.741298821,0.520429251,0.420800633,0.159859033,48097.88529,36493.43431,31655.05454,18757.21423,0.065871001,0.049978477,0.043352221,0.025688374,0.066722627,3,2,2,1,3
6,"Oaks Mackay rivermarque hotel, 4740, queensland",-21.1388965,149.18272,TC_Curve3,796270,99.427956,100.0366,103.98611,95.89612,94.50344,64.645134,64.319855,61.07151,55.2809,48.28858,23.210484,21.792347,13.073029,15.109788,9.252893,37.73261,37.199394,30.400167,30.014292,23.45792,83.19938,84.10861,84.90743,73.58312,66.88445,54.21454,54.287525,49.006763,46.8245,39.53784,0.999913272,0.999922454,0.999962486,0.999833983,0.999785543,0.950601359,0.947715935,0.908884806,0.774758932,0.487430471,0.00936497,0.007230996,0.001463686,0.002127165,0.000725636,0.120129601,0.110146553,0.034243628,0.031973203,0.009796608,0.998288581,0.998551677,0.998749272,0.990054006,0.966718733,0.738716887,0.741298821,0.520429251,0.420800633,0.159859033,52451.10214,39796.36192,34520.07274,20454.88183,0.065871001,0.049978477,0.043352221,0.025688374,0.066722627,3,2,2,1,3
7,"Mackay Ocean Side central Hotel, 4740, queensland",-21.148159,149.2021942,TC_Curve3,736672,99.38802,99.66409,104.564835,96.96822,96.98681,65.105,65.29771,61.9126,55.13504,48.546463,23.342722,22.120821,13.33252,15.102258,9.246266,38.02639,37.319706,30.5683,30.648623,23.95457,82.57156,83.43027,84.15229,73.171814,66.624,54.760235,55.168636,49.587765,47.56795,40.2849,0.999912633,0.999916957,0.999966272,0.999863682,0.999864147,0.954424035,0.95594071,0.920907697,0.770044377,0.499281901,0.009593254,0.007677722,0.001535105,0.002124228,0.000724753,0.125957305,0.112333556,0.03528085,0.035786986,0.010723295,0.99807957,0.998359599,0.998563245,0.989281024,0.965143052,0.757614776,0.771136398,0.547008397,0.454429253,0.179179485,49657.66913,37822.90127,33084.33147,19694.56237,0.067408113,0.051342933,0.044910532,0.026734506,0.0680231,3,2,2,1,3
8,"Metropolitan Hotel, 4740, queensland",-21.1441599,149.1897569,TC_Curve3,792424,99.427956,100.0366,103.98611,95.89612,94.50344,64.645134,64.319855,61.07151,55.2809,48.28858,23.210484,21.792347,13.073029,15.109788,9.252893,37.73261,37.199394,30.400167,30.014292,23.45792,83.19938,84.10861,84.90743,73.58312,66.88445,54.21454,54.287525,49.006763,46.8245,39.53784,0.999913272,0.999922454,0.999962486,0.999833983,0.999785543,0.950601359,0.947715935,0.908884806,0.774758932,0.487430471,0.00936497,0.007230996,0.001463686,0.002127165,0.000725636,0.120129601,0.110146553,0.034243628,0.031973203,0.009796608,0.998288581,0.998551677,0.998749272,0.990054006,0.966718733,0.738716887,0.741298821,0.520429251,0.420800633,0.159859033,52197.76227,39604.1447,34353.3401,20356.08434,0.065871001,0.049978477,0.043352221,0.025688374,0.066722627,3,2,2,1,3
9,"Shamrock hotel, 4740, queensland",-21.1561622,149.1649475,TC_Curve3,953186,99.427956,100.0366,103.98611,95.89612,94.50344,64.645134,64.319855,61.07151,55.2809,48.28858,23.210484,21.792347,13.073029,15.109788,9.252893,37.73261,37.199394,30.400167,30.014292,23.45792,83.19938,84.10861,84.90743,73.58312,66.88445,54.21454,54.287525,49.006763,46.8245,39.53784,0.999913272,0.999922454,0.999962486,0.999833983,0.999785543,0.950601359,0.947715935,0.908884806,0.774758932,0.487430471,0.00936497,0.007230996,0.001463686,0.002127165,0.000725636,0.120129601,0.110146553,0.034243628,0.031973203,0.009796608,0.998288581,0.998551677,0.998749272,0.990054006,0.966718733,0.738716887,0.741298821,0.520429251,0.420800633,0.159859033,62787.31617,47638.78463,41322.7298,24485.79877,0.065871001,0.049978477,0.043352221,0.025688374,0.066722627,3,2,2,1,3
10,"Booomerang Hotel, 4740, queensland",-21.1656627,149.1555786,TC_Curve3,420182,99.427956,100.0366,103.98611,95.89612,94.50344,64.645134,64.319855,61.07151,55.2809,48.28858,23.210484,21.792347,13.073029,15.109788,9.252893,37.73261,37.199394,30.400167,30.014292,23.45792,83.19938,84.10861,84.90743,73.58312,66.88445,54.21454,54.287525,49.006763,46.8245,39.53784,0.999913272,0.999922454,0.999962486,0.999833983,0.999785543,0.950601359,0.947715935,0.908884806,0.774758932,0.487430471,0.00936497,0.007230996,0.001463686,0.002127165,0.000725636,0.120129601,0.110146553,0.034243628,0.031973203,0.009796608,0.998288581,0.998551677,0.998749272,0.990054006,0.966718733,0.738716887,0.741298821,0.520429251,0.420800633,0.159859033,27677.80904,21000.05645,18215.82278,10793.7925,0.065871001,0.049978477,0.043352221,0.025688374,0.066722627,3,2,2,1,3
11,"Mid City motor INN , 4740, queensland",-21.1382184,149.1835971,TC_Curve3,869491,99.427956,100.0366,103.98611,95.89612,94.50344,64.645134,64.319855,61.07151,55.2809,48.28858,23.210484,21.792347,13.073029,15.109788,9.252893,37.73261,37.199394,30.400167,30.014292,23.45792,83.19938,84.10861,84.90743,73.58312,66.88445,54.21454,54.287525,49.006763,46.8245,39.53784,0.999913272,0.999922454,0.999962486,0.999833983,0.999785543,0.950601359,0.947715935,0.908884806,0.774758932,0.487430471,0.00936497,0.007230996,0.001463686,0.002127165,0.000725636,0.120129601,0.110146553,0.034243628,0.031973203,0.009796608,0.998288581,0.998551677,0.998749272,0.990054006,0.966718733,0.738716887,0.741298821,0.520429251,0.420800633,0.159859033,57274.24272,43455.83599,37694.36569,22335.81028,0.065871001,0.049978477,0.043352221,0.025688374,0.066722627,3,2,2,1,3
12,"Quest Mackay on Gorden, 4740, queensland",-21.1438078,149.1886144,TC_Curve3,771390,99.427956,100.0366,103.98611,95.89612,94.50344,64.645134,64.319855,61.07151,55.2809,48.28858,23.210484,21.792347,13.073029,15.109788,9.252893,37.73261,37.199394,30.400167,30.014292,23.45792,83.19938,84.10861,84.90743,73.58312,66.88445,54.21454,54.287525,49.006763,46.8245,39.53784,0.999913272,0.999922454,0.999962486,0.999833983,0.999785543,0.950601359,0.947715935,0.908884806,0.774758932,0.487430471,0.00936497,0.007230996,0.001463686,0.002127165,0.000725636,0.120129601,0.110146553,0.034243628,0.031973203,0.009796608,0.998288581,0.998551677,0.998749272,0.990054006,0.966718733,0.738716887,0.741298821,0.520429251,0.420800633,0.159859033,50812.23163,38552.89741,33441.46949,19815.75507,0.065871001,0.049978477,0.043352221,0.025688374,0.066722627,3,2,2,1,3
13,"Hotel Eton,4740, queensland",-21.2627355,148.9762888,TC_Curve3,343511,99.38974,95.07954,100.21709,87.79762,85.418274,59.434216,58.991753,55.514446,51.143005,43.713455,22.007788,20.318863,12.187384,14.0806,8.55243,34.99689,34.449898,27.573643,27.733047,21.710978,78.48948,78.1599,78.92267,69.78675,63.99884,50.24553,49.942104,45.420708,42.938087,36.43047,0.999912661,0.999807093,0.999924985,0.999264477,0.998861274,0.880696905,0.87188074,0.782164135,0.616460324,0.290797895,0.007520988,0.005524355,0.001244004,0.001761069,0.000638003,0.076264602,0.069474365,0.020651068,0.021252245,0.007124381,0.995940856,0.99568836,0.996250461,0.980209322,0.944712751,0.576771259,0.563097463,0.359484683,0.262294259,0.09703375,18554.03256,13788.12158,11403.68502,6601.882532,0.054012921,0.040138807,0.033197438,0.019218839,0.055363993,2,2,1,0,2
14,"Windmill motel and events central, 4740, queensland",-21.1257061,149.1571673,TC_Curve3,69889,101.97864,102.54949,106.46332,99.155624,95.90006,65.65044,65.35943,61.916046,56.21021,49.213253,23.536728,21.984337,13.135722,15.40301,9.530976,38.321957,37.63829,30.819265,30.409489,23.724182,83.769394,84.95543,85.91286,74.38134,67.154144,54.78102,54.77401,49.89676,47.35943,40.110447,0.999945738,0.999951145,0.99997621,0.999908819,0.999834103,0.958592963,0.956416231,0.920953817,0.803174085,0.529896675,0.009938176,0.00748887,0.001480631,0.002244733,0.000763674,0.132062922,0.118308598,0.036885562,0.034300353,0.010283103,0.99845861,0.998760247,0.998960156,0.99140001,0.968277753,0.758315927,0.758079576,0.561045192,0.444941402,0.174510294,4708.184302,3636.637114,3147.350717,1893.552837,0.0673666,0.052034471,0.045033563,0.027093718,0.068635326,3,2,2,1,3
15,"Langfords Hotel, 4740, queensland",-21.1455779,149.1900839,TC_Curve3,130979,99.38802,99.66409,104.564835,96.96822,96.98681,65.105,65.29771,61.9126,55.13504,48.546463,23.342722,22.120821,13.33252,15.102258,9.246266,38.02639,37.319706,30.5683,30.648623,23.95457,82.57156,83.43027,84.15229,73.171814,66.624,54.760235,55.168636,49.587765,47.56795,40.2849,0.999912633,0.999916957,0.999966272,0.999863682,0.999864147,0.954424035,0.95594071,0.920907697,0.770044377,0.499281901,0.009593254,0.007677722,0.001535105,0.002124228,0.000724753,0.125957305,0.112333556,0.03528085,0.035786986,0.010723295,0.99807957,0.998359599,0.998563245,0.989281024,0.965143052,0.757614776,0.771136398,0.547008397,0.454429253,0.179179485,8829.04718,6724.846046,5882.336579,3501.658926,0.067408113,0.051342933,0.044910532,0.026734506,0.0680231,3,2,2,1,3
16,"Mackay Tigrer Moth Museums, 4740, queensland",-21.1660885,149.1820166,TC_Curve2,182762,99.427956,100.0366,103.98611,95.89612,94.50344,64.645134,64.319855,61.07151,55.2809,48.28858,23.210484,21.792347,13.073029,15.109788,9.252893,37.73261,37.199394,30.400167,30.014292,23.45792,83.19938,84.10861,84.90743,73.58312,66.88445,54.21454,54.287525,49.006763,46.8245,39.53784,0.999999453,0.999999532,0.999999829,0.999998651,0.999998074,0.996042904,0.995701307,0.990193338,0.958302416,0.793710499,0.00628873,0.004384993,0.000473972,0.000797462,0.000178572,0.205749836,0.184367842,0.03823726,0.03477073,0.006696567,0.999965374,0.999972554,0.999977623,0.999595675,0.997763634,0.945943422,0.946889481,0.822154066,0.725758783,0.291252635,14761.07125,11658.77554,10800.81131,6663.761886,0.080766632,0.063792121,0.059097686,0.036461419,0.08254062,4,3,2,1,4
17,"Mackay Museum, 4740, queensland",-21.163564,149.182973,TC_Curve2,463467,99.427956,100.0366,103.98611,95.89612,94.50344,64.645134,64.319855,61.07151,55.2809,48.28858,23.210484,21.792347,13.073029,15.109788,9.252893,37.73261,37.199394,30.400167,30.014292,23.45792,83.19938,84.10861,84.90743,73.58312,66.88445,54.21454,54.287525,49.006763,46.8245,39.53784,0.999999453,0.999999532,0.999999829,0.999998651,0.999998074,0.996042904,0.995701307,0.990193338,0.958302416,0.793710499,0.00628873,0.004384993,0.000473972,0.000797462,0.000178572,0.205749836,0.184367842,0.03823726,0.03477073,0.006696567,0.999965374,0.999972554,0.999977623,0.999595675,0.997763634,0.945943422,0.946889481,0.822154066,0.725758783,0.291252635,37432.66877,29565.54275,27389.82728,16898.66455,0.080766632,0.063792121,0.059097686,0.036461419,0.08254062,4,3,2,1,4
18,"Homebush Mission Hall, 4740, queensland",-21.2713243,149.062899,TC_Curve2,502299,92.796425,88.104614,90.53634,77.95164,83.57165,60.82115,61.280827,57.069813,52.781155,45.299572,22.143343,20.67377,12.274648,14.232024,8.718276,35.33615,34.96101,28.01227,27.968706,21.975346,77.99067,78.49897,78.431435,69.882866,62.5679,50.8982,50.532486,45.985252,43.46969,36.78599,0.999997021,0.999990117,0.999994692,0.999867595,0.999968517,0.989552034,0.99069948,0.973194536,0.923844694,0.641855762,0.004794615,0.003298157,0.000386513,0.000637295,0.000155767,0.123111686,0.113128455,0.021137974,0.020908798,0.004594012,0.999868909,0.999884879,0.999882875,0.998959568,0.993289347,0.882308395,0.872249327,0.681069727,0.528892179,0.169004511,36133.73348,28364.62104,24853.73642,14380.04992,0.071936702,0.056469595,0.049479964,0.028628466,0.073191755,3,2,2,1,3
19,"Hotrod hideout, 4740, queensland",-21.0793877,149.2160026,TC_Curve2,591420,102.44477,104.97898,106.81846,100.98542,96.90508,66.86595,66.93648,63.36722,57.774845,50.383312,23.788965,22.341522,13.338624,15.429928,9.548401,39.016396,38.41799,31.434582,31.042334,24.265303,85.28707,87.038086,87.211044,76.25859,68.938416,55.923527,55.81454,50.87504,47.824043,41.17028,0.999999747,0.999999868,0.999999917,0.999999633,0.999998958,0.997753057,0.997793111,0.994522627,0.977515526,0.867939863,0.007283571,0.005042491,0.00050725,0.000865404,0.00019258,0.264522594,0.235853423,0.04924005,0.044752828,0.008218877,0.999979692,0.99998702,0.999987581,0.999795912,0.998675865,0.964393804,0.963424749,0.881692208,0.773590816,0.384132075,50635.92987,39704.12426,36763.00511,24628.75229,0.085617547,0.06713355,0.062160571,0.041643421,0.08806111,4,3,3,2,4
20,"Yesterdays Memories, 4740, queensland",-21.0899031,149.0393696,TC_Curve2,252395,105.54075,114.097626,119.01325,98.4033,87.466446,64.32073,63.355526,60.52021,55.60973,48.003708,23.514467,21.717783,13.329346,15.258576,9.499178,38.187717,37.837788,30.68351,30.315783,23.876453,85.647835,87.82181,87.0247,77.81054,69.97493,55.38467,55.183292,51.118134,47.693527,40.638355,0.999999885,0.999999987,0.999999996,0.999999289,0.999988366,0.995702267,0.994506317,0.988726049,0.961534603,0.781533035,0.006793399,0.004302567,0.000506049,0.000828349,0.000190173,0.225410733,0.210177962,0.040991579,0.037451897,0.007447058,0.999981481,0.999989376,0.999986975,0.999862733,0.998983741,0.95934952,0.957294008,0.888021609,0.767694474,0.352513356,21004.85297,16815.17195,15409.15262,9783.901417,0.083222144,0.066622445,0.061051735,0.038764244,0.084668983,4,3,3,1,4
21,"Mackay Festival of Arts, 4740, queensland",-21.1440152,149.1819276,TC_Curve2,178079,99.427956,100.0366,103.98611,95.89612,94.50344,64.645134,64.319855,61.07151,55.2809,48.28858,23.210484,21.792347,13.073029,15.109788,9.252893,37.73261,37.199394,30.400167,30.014292,23.45792,83.19938,84.10861,84.90743,73.58312,66.88445,54.21454,54.287525,49.006763,46.8245,39.53784,0.999999453,0.999999532,0.999999829,0.999998651,0.999998074,0.996042904,0.995701307,0.990193338,0.958302416,0.793710499,0.00628873,0.004384993,0.000473972,0.000797462,0.000178572,0.205749836,0.184367842,0.03823726,0.03477073,0.006696567,0.999965374,0.999972554,0.999977623,0.999595675,0.997763634,0.945943422,0.946889481,0.822154066,0.725758783,0.291252635,14382.84111,11360.03704,10524.05684,6493.01306,0.080766632,0.063792121,0.059097686,0.036461419,0.08254062,4,3,2,1,4
22,"Historic Wars Tours Pty Ltd, 4740, queensland",-21.1630217,149.1591301,TC_Curve2,856482,99.427956,100.0366,103.98611,95.89612,94.50344,64.645134,64.319855,61.07151,55.2809,48.28858,23.210484,21.792347,13.073029,15.109788,9.252893,37.73261,37.199394,30.400167,30.014292,23.45792,83.19938,84.10861,84.90743,73.58312,66.88445,54.21454,54.287525,49.006763,46.8245,39.53784,0.999999453,0.999999532,0.999999829,0.999998651,0.999998074,0.996042904,0.995701307,0.990193338,0.958302416,0.793710499,0.00628873,0.004384993,0.000473972,0.000797462,0.000178572,0.205749836,0.184367842,0.03823726,0.03477073,0.006696567,0.999965374,0.999972554,0.999977623,0.999595675,0.997763634,0.945943422,0.946889481,0.822154066,0.725758783,0.291252635,69175.16675,54636.80302,50616.10438,31228.54919,0.080766632,0.063792121,0.059097686,0.036461419,0.08254062,4,3,2,1,4
23,"Nebo Shire Museum, 4740, queensland",-21.689282,148.6890609,TC_Curve2,529302,91.67738,88.66508,89.44356,90.32747,93.743126,50.348988,49.778137,46.488678,44.091156,37.26249,19.216188,17.917091,10.489627,12.093481,7.3769445,28.321886,28.03925,22.014214,21.598953,16.65264,66.923546,68.0854,66.813,59.067833,54.054237,41.13073,40.259624,36.6002,34.64463,29.639711,0.999996035,0.999991436,0.999992981,0.999994401,0.999997661,0.86693098,0.849179261,0.708347355,0.568209281,0.186805394,0.002274642,0.001632982,0.000244948,0.000369029,0.00011056,0.022839048,0.021281135,0.004639668,0.004174385,0.001182531,0.997785821,0.998353795,0.997722511,0.983740508,0.943809545,0.381743257,0.330745388,0.162439434,0.105265162,0.031696635,21322.59111,15673.02716,13044.34859,7529.20265,0.040284358,0.029610746,0.024644435,0.014224776,0.042795412,2,1,1,0,2
24,"Mackay Base Hospital, 4740, queensland",-21.1465366,149.1552332,TC_Curve4,625860,99.427956,100.0366,103.98611,95.89612,94.50344,64.645134,64.319855,61.07151,55.2809,48.28858,23.210484,21.792347,13.073029,15.109788,9.252893,37.73261,37.199394,30.400167,30.014292,23.45792,83.19938,84.10861,84.90743,73.58312,66.88445,54.21454,54.287525,49.006763,46.8245,39.53784,0.999976395,0.999979872,0.999992841,0.999940504,0.999914336,0.824802622,0.812156712,0.648805629,0.288646547,0.061094851,9.17e-05,6.33e-05,6.46e-06,1.1e-05,2.38e-06,0.004088682,0.003557935,0.000601918,0.000544121,9.78e-05,0.998351139,0.998699912,0.998944962,0.979941764,0.894296433,0.234854693,0.238305213,0.072810724,0.042471304,0.006542351,21546.54912,15414.87175,10488.15328,6520.165777,0.034427107,0.024629904,0.016757986,0.01041793,0.034557452,1,1,0,0,1
25,"Mater Private Hospital Mackay, 4740, queensland",-21.1308264,149.1662761,TC_Curve4,505669,99.427956,100.0366,103.98611,95.89612,94.50344,64.645134,64.319855,61.07151,55.2809,48.28858,23.210484,21.792347,13.073029,15.109788,9.252893,37.73261,37.199394,30.400167,30.014292,23.45792,83.19938,84.10861,84.90743,73.58312,66.88445,54.21454,54.287525,49.006763,46.8245,39.53784,0.999976395,0.999979872,0.999992841,0.999940504,0.999914336,0.824802622,0.812156712,0.648805629,0.288646547,0.061094851,9.17e-05,6.33e-05,6.46e-06,1.1e-05,2.38e-06,0.004088682,0.003557935,0.000601918,0.000544121,9.78e-05,0.998351139,0.998699912,0.998944962,0.979941764,0.894296433,0.234854693,0.238305213,0.072810724,0.042471304,0.006542351,17408.72071,12454.57895,8473.994155,5268.024332,0.034427107,0.024629904,0.016757986,0.01041793,0.034557452,1,1,0,0,1
26,"Mackay Private Hospital, 4740, queensland",-21.113582,149.1674486,TC_Curve4,127737,101.97864,102.54949,106.46332,99.155624,95.90006,65.65044,65.35943,61.916046,56.21021,49.213253,23.536728,21.984337,13.135722,15.40301,9.530976,38.321957,37.63829,30.819265,30.409489,23.724182,83.769394,84.95543,85.91286,74.38134,67.154144,54.78102,54.77401,49.89676,47.35943,40.110447,0.999987893,0.999989573,0.999996257,0.999974651,0.999940565,0.859649334,0.850204487,0.697381658,0.341029711,0.076544989,9.99e-05,6.65e-05,6.56e-06,1.19e-05,2.55e-06,0.00476744,0.00398937,0.000671662,0.000603387,0.00010491,0.998579363,0.998958121,0.999188898,0.983662119,0.900786443,0.26253865,0.262183465,0.090189134,0.048544889,0.007592229,4611.83049,3347.628172,2296.983237,1379.181249,0.036104108,0.026207193,0.017982129,0.010797038,0.036348826,1,1,0,0,1
27,"Mater mother's private Mackay, 4740, queensland",-21.1433971,149.1868281,TC_Curve4,384217,99.427956,100.0366,103.98611,95.89612,94.50344,64.645134,64.319855,61.07151,55.2809,48.28858,23.210484,21.792347,13.073029,15.109788,9.252893,37.73261,37.199394,30.400167,30.014292,23.45792,83.19938,84.10861,84.90743,73.58312,66.88445,54.21454,54.287525,49.006763,46.8245,39.53784,0.999976395,0.999979872,0.999992841,0.999940504,0.999914336,0.824802622,0.812156712,0.648805629,0.288646547,0.061094851,9.17e-05,6.33e-05,6.46e-06,1.1e-05,2.38e-06,0.004088682,0.003557935,0.000601918,0.000544121,9.78e-05,0.998351139,0.998699912,0.998944962,0.979941764,0.894296433,0.234854693,0.238305213,0.072810724,0.042471304,0.006542351,13227.47973,9463.227844,6438.703207,4002.745877,0.034427107,0.024629904,0.016757986,0.01041793,0.034557452,1,1,0,0,1
28,"Mackay Specialist Day Hospital, 4740, queensland",-21.1294364,149.1653334,TC_Curve4,84135,101.97864,102.54949,106.46332,99.155624,95.90006,65.65044,65.35943,61.916046,56.21021,49.213253,23.536728,21.984337,13.135722,15.40301,9.530976,38.321957,37.63829,30.819265,30.409489,23.724182,83.769394,84.95543,85.91286,74.38134,67.154144,54.78102,54.77401,49.89676,47.35943,40.110447,0.999987893,0.999989573,0.999996257,0.999974651,0.999940565,0.859649334,0.850204487,0.697381658,0.341029711,0.076544989,9.99e-05,6.65e-05,6.56e-06,1.19e-05,2.55e-06,0.00476744,0.00398937,0.000671662,0.000603387,0.00010491,0.998579363,0.998958121,0.999188898,0.983662119,0.900786443,0.26253865,0.262183465,0.090189134,0.048544889,0.007592229,3037.619157,2204.942156,1512.92644,908.408796,0.036104108,0.026207193,0.017982129,0.010797038,0.036348826,1,1,0,0,1
29,"UMC Wesy Mackay, 4740, queensland",-21.1577499,149.1697693,TC_Curve4,134252,99.427956,100.0366,103.98611,95.89612,94.50344,64.645134,64.319855,61.07151,55.2809,48.28858,23.210484,21.792347,13.073029,15.109788,9.252893,37.73261,37.199394,30.400167,30.014292,23.45792,83.19938,84.10861,84.90743,73.58312,66.88445,54.21454,54.287525,49.006763,46.8245,39.53784,0.999976395,0.999979872,0.999992841,0.999940504,0.999914336,0.824802622,0.812156712,0.648805629,0.288646547,0.061094851,9.17e-05,6.33e-05,6.46e-06,1.1e-05,2.38e-06,0.004088682,0.003557935,0.000601918,0.000544121,9.78e-05,0.998351139,0.998699912,0.998944962,0.979941764,0.894296433,0.234854693,0.238305213,0.072810724,0.042471304,0.006542351,4621.907954,3306.613879,2249.793172,1398.627961,0.034427107,0.024629904,0.016757986,0.01041793,0.034557452,1,1,0,0,1
30,"Pioneer Medical Centre, 4740, queensland",-21.1248167,149.1891415,TC_Curve4,195857,101.97864,102.54949,106.46332,99.155624,95.90006,65.65044,65.35943,61.916046,56.21021,49.213253,23.536728,21.984337,13.135722,15.40301,9.530976,38.321957,37.63829,30.819265,30.409489,23.724182,83.769394,84.95543,85.91286,74.38134,67.154144,54.78102,54.77401,49.89676,47.35943,40.110447,0.999987893,0.999989573,0.999996257,0.999974651,0.999940565,0.859649334,0.850204487,0.697381658,0.341029711,0.076544989,9.99e-05,6.65e-05,6.56e-06,1.19e-05,2.55e-06,0.00476744,0.00398937,0.000671662,0.000603387,0.00010491,0.998579363,0.998958121,0.999188898,0.983662119,0.900786443,0.26253865,0.262183465,0.090189134,0.048544889,0.007592229,7071.242352,5132.862137,3521.925877,2114.675481,0.036104108,0.026207193,0.017982129,0.010797038,0.036348826,1,1,0,0,1
31,"Family Health care Mackay rural view, 4740, queensland",-21.0608436,149.1594863,TC_Curve4,516864,101.84748,103.405975,106.60019,99.90586,92.98344,66.047424,65.49463,62.240673,57.122932,49.622364,23.764702,22.171194,13.318093,15.396936,9.56218,38.818096,38.176838,31.154871,30.956245,24.057138,85.96212,87.88896,87.89591,76.683815,69.24921,55.462273,55.125587,50.616573,47.52523,40.716557,0.99998747,0.999991667,0.999996389,0.999979171,0.99987248,0.871724899,0.854656047,0.715008544,0.396566322,0.084466352,0.000106028,6.99e-05,6.88e-06,1.19e-05,2.58e-06,0.005425005,0.004590554,0.000733291,0.000696165,0.000114462,0.999199281,0.999516305,0.999517184,0.990991128,0.94016139,0.298491856,0.280371192,0.10689014,0.050589223,0.008886,19105.89468,14058.91681,9891.199698,5864.569008,0.036965033,0.027200418,0.019136948,0.011346445,0.038062805,1,1,0,0,1
32,"Paget Medical, 4740, queensland",-21.187675,149.1514514,TC_Curve4,361986,98.37975,96.882965,101.289,94.661705,93.82771,63.62662,63.453995,60.391117,54.25948,47.445225,22.943773,21.613111,12.974847,14.911418,9.169667,37.06287,36.617992,29.854908,29.467611,23.217613,81.7486,82.8948,82.41758,72.38504,65.53315,53.41914,53.602695,47.99535,45.990913,38.8297,0.999968943,0.999954048,0.999985498,0.999917812,0.999897763,0.782895998,0.77511746,0.607232164,0.236975216,0.049592775,8.55e-05,6.04e-05,6.29e-06,1.04e-05,2.32e-06,0.00343346,0.003057183,0.000521898,0.000471606,9.19e-05,0.997591311,0.998214541,0.997977457,0.972754448,0.855904108,0.199518952,0.207303616,0.056837421,0.034432062,0.005441419,11755.7622,8408.038841,5587.541711,3555.002351,0.032475737,0.023227525,0.015435795,0.009820828,0.03233013,1,1,0,0,1
33,"Health on Central, 4740, queensland",-21.0961952,149.1835321,TC_Curve4,791886,101.97864,102.54949,106.46332,99.155624,95.90006,65.65044,65.35943,61.916046,56.21021,49.213253,23.536728,21.984337,13.135722,15.40301,9.530976,38.321957,37.63829,30.819265,30.409489,23.724182,83.769394,84.95543,85.91286,74.38134,67.154144,54.78102,54.77401,49.89676,47.35943,40.110447,0.999987893,0.999989573,0.999996257,0.999974651,0.999940565,0.859649334,0.850204487,0.697381658,0.341029711,0.076544989,9.99e-05,6.65e-05,6.56e-06,1.19e-05,2.55e-06,0.00476744,0.00398937,0.000671662,0.000603387,0.00010491,0.998579363,0.998958121,0.999188898,0.983662119,0.900786443,0.26253865,0.262183465,0.090189134,0.048544889,0.007592229,28590.33796,20753.10898,14239.79636,8550.02327,0.036104108,0.026207193,0.017982129,0.010797038,0.036348826,1,1,0,0,1
34,"Queensland Xray, 4740, queensland",-21.1499948,149.1271385,TC_Curve4,353998,99.095726,99.44022,103.605316,94.53902,91.703835,64.21825,63.79142,60.60856,55.15864,48.331055,23.066893,21.446041,12.809936,15.127533,9.302166,37.40182,37.00987,30.14267,29.64867,23.260666,82.09724,82.72382,82.759254,72.233734,65.650635,53.922813,53.83942,48.857388,46.513103,39.324295,0.999974251,0.999976471,0.999992091,0.99991513,0.999821753,0.808065373,0.790138646,0.620721174,0.282120233,0.061735712,8.83e-05,5.78e-05,6.03e-06,1.11e-05,2.41e-06,0.003750819,0.003386314,0.000562706,0.000494484,9.29e-05,0.997800936,0.998132971,0.998150175,0.97168487,0.859655599,0.221411239,0.217671049,0.070214742,0.039277303,0.006188879,11747.88574,8499.574223,5817.761303,3576.468114,0.033186305,0.024010232,0.016434447,0.010103074,0.033686291,1,1,0,0,1
35,"Eastbrooke health hub Mackay, 4740, queensland",-21.1415104,149.1802115,TC_Curve4,245269,99.427956,100.0366,103.98611,95.89612,94.50344,64.645134,64.319855,61.07151,55.2809,48.28858,23.210484,21.792347,13.073029,15.109788,9.252893,37.73261,37.199394,30.400167,30.014292,23.45792,83.19938,84.10861,84.90743,73.58312,66.88445,54.21454,54.287525,49.006763,46.8245,39.53784,0.999976395,0.999979872,0.999992841,0.999940504,0.999914336,0.824802622,0.812156712,0.648805629,0.288646547,0.061094851,9.17e-05,6.33e-05,6.46e-06,1.1e-05,2.38e-06,0.004088682,0.003557935,0.000601918,0.000544121,9.78e-05,0.998351139,0.998699912,0.998944962,0.979941764,0.894296433,0.234854693,0.238305213,0.072810724,0.042471304,0.006542351,8443.90208,6040.951936,4110.214532,2555.195315,0.034427107,0.024629904,0.016757986,0.01041793,0.034557452,1,1,0,0,1
36,"Sydney Street Medical, 4740, queensland",-21.144297,149.1869931,TC_Curve4,776103,99.427956,100.0366,103.98611,95.89612,94.50344,64.645134,64.319855,61.07151,55.2809,48.28858,23.210484,21.792347,13.073029,15.109788,9.252893,37.73261,37.199394,30.400167,30.014292,23.45792,83.19938,84.10861,84.90743,73.58312,66.88445,54.21454,54.287525,49.006763,46.8245,39.53784,0.999976395,0.999979872,0.999992841,0.999940504,0.999914336,0.824802622,0.812156712,0.648805629,0.288646547,0.061094851,9.17e-05,6.33e-05,6.46e-06,1.1e-05,2.38e-06,0.004088682,0.003557935,0.000601918,0.000544121,9.78e-05,0.998351139,0.998699912,0.998944962,0.979941764,0.894296433,0.234854693,0.238305213,0.072810724,0.042471304,0.006542351,26718.98094,19115.34242,13005.92341,8085.38686,0.034427107,0.024629904,0.016757986,0.01041793,0.034557452,1,1,0,0,1
37,"Mackay District Community Mental Health Service, 4740, queensland",-21.139688,149.1819041,TC_Curve4,79649,99.427956,100.0366,103.98611,95.89612,94.50344,64.645134,64.319855,61.07151,55.2809,48.28858,23.210484,21.792347,13.073029,15.109788,9.252893,37.73261,37.199394,30.400167,30.014292,23.45792,83.19938,84.10861,84.90743,73.58312,66.88445,54.21454,54.287525,49.006763,46.8245,39.53784,0.999976395,0.999979872,0.999992841,0.999940504,0.999914336,0.824802622,0.812156712,0.648805629,0.288646547,0.061094851,9.17e-05,6.33e-05,6.46e-06,1.1e-05,2.38e-06,0.004088682,0.003557935,0.000601918,0.000544121,9.78e-05,0.998351139,0.998699912,0.998944962,0.979941764,0.894296433,0.234854693,0.238305213,0.072810724,0.042471304,0.006542351,2742.084637,1961.747228,1334.756848,829.7777202,0.034427107,0.024629904,0.016757986,0.01041793,0.034557452,1,1,0,0,1
38,"Mackay Scalpel free Vasactomy Centre, 4740, queensland",-21.1293491,149.1653636,TC_Curve4,538192,101.97864,102.54949,106.46332,99.155624,95.90006,65.65044,65.35943,61.916046,56.21021,49.213253,23.536728,21.984337,13.135722,15.40301,9.530976,38.321957,37.63829,30.819265,30.409489,23.724182,83.769394,84.95543,85.91286,74.38134,67.154144,54.78102,54.77401,49.89676,47.35943,40.110447,0.999987893,0.999989573,0.999996257,0.999974651,0.999940565,0.859649334,0.850204487,0.697381658,0.341029711,0.076544989,9.99e-05,6.65e-05,6.56e-06,1.19e-05,2.55e-06,0.00476744,0.00398937,0.000671662,0.000603387,0.00010491,0.998579363,0.998958121,0.999188898,0.983662119,0.900786443,0.26253865,0.262183465,0.090189134,0.048544889,0.007592229,19430.94229,14104.50144,9677.838074,5810.8795,0.036104108,0.026207193,0.017982129,0.010797038,0.036348826,1,1,0,0,1
39,"Shakespeare Medical Centre, 4740, queensland",-21.1485126,149.1913841,TC_Curve4,841636,99.38802,99.66409,104.564835,96.96822,96.98681,65.105,65.29771,61.9126,55.13504,48.546463,23.342722,22.120821,13.33252,15.102258,9.246266,38.02639,37.319706,30.5683,30.648623,23.95457,82.57156,83.43027,84.15229,73.171814,66.624,54.760235,55.168636,49.587765,47.56795,40.2849,0.999976147,0.99997781,0.999993848,0.999955062,0.99995528,0.841523425,0.848135197,0.697191333,0.280870704,0.065083664,9.49e-05,6.9e-05,6.91e-06,1.1e-05,2.37e-06,0.004414067,0.00367135,0.000628983,0.000642339,0.000111431,0.998057204,0.998447691,0.998714673,0.977712476,0.887676298,0.261486559,0.282650386,0.083768607,0.051129033,0.007944151,31019.0096,21831.43047,14267.52929,8826.528733,0.036855612,0.025939278,0.016952138,0.010487347,0.035947247,1,1,0,0,1
40,"Northern Australia Primary Health Limited, 4740, queensland",-21.141227,149.1840988,TC_Curve4,165793,99.427956,100.0366,103.98611,95.89612,94.50344,64.645134,64.319855,61.07151,55.2809,48.28858,23.210484,21.792347,13.073029,15.109788,9.252893,37.73261,37.199394,30.400167,30.014292,23.45792,83.19938,84.10861,84.90743,73.58312,66.88445,54.21454,54.287525,49.006763,46.8245,39.53784,0.999976395,0.999979872,0.999992841,0.999940504,0.999914336,0.824802622,0.812156712,0.648805629,0.288646547,0.061094851,9.17e-05,6.33e-05,6.46e-06,1.1e-05,2.38e-06,0.004088682,0.003557935,0.000601918,0.000544121,9.78e-05,0.998351139,0.998699912,0.998944962,0.979941764,0.894296433,0.234854693,0.238305213,0.072810724,0.042471304,0.006542351,5707.773332,4083.465682,2778.356816,1727.219897,0.034427107,0.024629904,0.016757986,0.01041793,0.034557452,1,1,0,0,1
41,"Paul Hopkins Medical Complex, Brisbane street, 4740, queensland",-21.144032,149.1882787,TC_Curve4,180961,99.427956,100.0366,103.98611,95.89612,94.50344,64.645134,64.319855,61.07151,55.2809,48.28858,23.210484,21.792347,13.073029,15.109788,9.252893,37.73261,37.199394,30.400167,30.014292,23.45792,83.19938,84.10861,84.90743,73.58312,66.88445,54.21454,54.287525,49.006763,46.8245,39.53784,0.999976395,0.999979872,0.999992841,0.999940504,0.999914336,0.824802622,0.812156712,0.648805629,0.288646547,0.061094851,9.17e-05,6.33e-05,6.46e-06,1.1e-05,2.38e-06,0.004088682,0.003557935,0.000601918,0.000544121,9.78e-05,0.998351139,0.998699912,0.998944962,0.979941764,0.894296433,0.234854693,0.238305213,0.072810724,0.042471304,0.006542351,6229.96369,4457.052067,3032.541952,1885.239062,0.034427107,0.024629904,0.016757986,0.01041793,0.034557452,1,1,0,0,1
42,"Victoria Park State School, 4740, queensland",-21.1478185,149.1948433,TC_Curve4,870444,99.38802,99.66409,104.564835,96.96822,96.98681,65.105,65.29771,61.9126,55.13504,48.546463,23.342722,22.120821,13.33252,15.102258,9.246266,38.02639,37.319706,30.5683,30.648623,23.95457,82.57156,83.43027,84.15229,73.171814,66.624,54.760235,55.168636,49.587765,47.56795,40.2849,0.999976147,0.99997781,0.999993848,0.999955062,0.99995528,0.841523425,0.848135197,0.697191333,0.280870704,0.065083664,9.49e-05,6.9e-05,6.91e-06,1.1e-05,2.37e-06,0.004414067,0.00367135,0.000628983,0.000642339,0.000111431,0.998057204,0.998447691,0.998714673,0.977712476,0.887676298,0.261486559,0.282650386,0.083768607,0.051129033,0.007944151,32080.74606,22578.6892,14755.88647,9128.648224,0.036855612,0.025939278,0.016952138,0.010487347,0.035947247,1,1,0,0,1
43,"Mackay Central State School, 4740, queensland",-21.1454157,149.1820029,TC_Curve4,663878,99.427956,100.0366,103.98611,95.89612,94.50344,64.645134,64.319855,61.07151,55.2809,48.28858,23.210484,21.792347,13.073029,15.109788,9.252893,37.73261,37.199394,30.400167,30.014292,23.45792,83.19938,84.10861,84.90743,73.58312,66.88445,54.21454,54.287525,49.006763,46.8245,39.53784,0.999976395,0.999979872,0.999992841,0.999940504,0.999914336,0.824802622,0.812156712,0.648805629,0.288646547,0.061094851,9.17e-05,6.33e-05,6.46e-06,1.1e-05,2.38e-06,0.004088682,0.003557935,0.000601918,0.000544121,9.78e-05,0.998351139,0.998699912,0.998944962,0.979941764,0.894296433,0.234854693,0.238305213,0.072810724,0.042471304,0.006542351,22855.39887,16351.25144,11125.2584,6916.234646,0.034427107,0.024629904,0.016757986,0.01041793,0.034557452,1,1,0,0,1
44,"Fitzgerald State School, 4740, queensland",-21.1150017,149.1683856,TC_Curve4,714188,101.97864,102.54949,106.46332,99.155624,95.90006,65.65044,65.35943,61.916046,56.21021,49.213253,23.536728,21.984337,13.135722,15.40301,9.530976,38.321957,37.63829,30.819265,30.409489,23.724182,83.769394,84.95543,85.91286,74.38134,67.154144,54.78102,54.77401,49.89676,47.35943,40.110447,0.999987893,0.999989573,0.999996257,0.999974651,0.999940565,0.859649334,0.850204487,0.697381658,0.341029711,0.076544989,9.99e-05,6.65e-05,6.56e-06,1.19e-05,2.55e-06,0.00476744,0.00398937,0.000671662,0.000603387,0.00010491,0.998579363,0.998958121,0.999188898,0.983662119,0.900786443,0.26253865,0.262183465,0.090189134,0.048544889,0.007592229,25785.12094,18716.86253,12842.62088,7711.115008,0.036104108,0.026207193,0.017982129,0.010797038,0.036348826,1,1,0,0,1
45,"Hampden State School, 4740, queensland",-21.0593025,148.932012,TC_Curve4,70254,103.05469,109.67305,121.626724,86.944534,79.9047,62.874752,61.90394,58.588768,55.15789,47.356853,23.322306,21.79577,13.472149,15.277733,9.516421,37.28763,36.44136,29.493904,29.438797,22.834782,82.58887,83.37465,83.903854,74.340065,66.843796,54.104908,53.346706,50.0752,46.47451,39.479214,0.999990865,0.999998384,0.999999929,0.999380735,0.996102831,0.747592433,0.696712375,0.490977646,0.282080395,0.048513767,9.44e-05,6.33e-05,7.17e-06,1.15e-05,2.55e-06,0.003640764,0.002919454,0.000474862,0.000468064,8.31e-05,0.998065967,0.998424962,0.998628428,0.983487575,0.893286168,0.229737176,0.196508024,0.094095897,0.038897869,0.006443357,2151.436688,1589.667931,1160.747184,714.7246749,0.03062369,0.022627437,0.016522151,0.010173437,0.032924718,1,1,0,0,1
46,"Slade Point State School, 4740, queensland",-21.0739772,149.215868,TC_Curve4,220700,102.44477,104.97898,106.81846,100.98542,96.90508,66.86595,66.93648,63.36722,57.774845,50.383312,23.788965,22.341522,13.338624,15.429928,9.548401,39.016396,38.41799,31.434582,31.042334,24.265303,85.28707,87.038086,87.211044,76.25859,68.938416,55.923527,55.81454,50.87504,47.824043,41.17028,0.999989284,0.99999448,0.999996589,0.999984298,0.999954313,0.893837754,0.895576861,0.771133481,0.438033434,0.101199542,0.000106704,7.31e-05,6.92e-06,1.2e-05,2.57e-06,0.005712387,0.004888211,0.000788951,0.00071202,0.000120872,0.99904467,0.999395707,0.99942244,0.989941106,0.935417368,0.324372087,0.318151555,0.113522786,0.054480831,0.009995396,8659.321452,6285.442156,4420.808418,2571.136517,0.039235711,0.028479575,0.020030849,0.011649916,0.039517681,1,1,1,0,1
47,"Mackay North State High School, 4740, queensland",-21.1151282,149.1732484,TC_Curve4,999949,101.97864,102.54949,106.46332,99.155624,95.90006,65.65044,65.35943,61.916046,56.21021,49.213253,23.536728,21.984337,13.135722,15.40301,9.530976,38.321957,37.63829,30.819265,30.409489,23.724182,83.769394,84.95543,85.91286,74.38134,67.154144,54.78102,54.77401,49.89676,47.35943,40.110447,0.999987893,0.999989573,0.999996257,0.999974651,0.999940565,0.859649334,0.850204487,0.697381658,0.341029711,0.076544989,9.99e-05,6.65e-05,6.56e-06,1.19e-05,2.55e-06,0.00476744,0.00398937,0.000671662,0.000603387,0.00010491,0.998579363,0.998958121,0.999188898,0.983662119,0.900786443,0.26253865,0.262183465,0.090189134,0.048544889,0.007592229,36102.26706,26205.85612,17981.2121,10796.4874,0.036104108,0.026207193,0.017982129,0.010797038,0.036348826,1,1,0,0,1
48,"St. Patricks College Mackay- Mercy Campus, 4740, queensland",-21.1395679,149.184444,TC_Curve4,412418,99.427956,100.0366,103.98611,95.89612,94.50344,64.645134,64.319855,61.07151,55.2809,48.28858,23.210484,21.792347,13.073029,15.109788,9.252893,37.73261,37.199394,30.400167,30.014292,23.45792,83.19938,84.10861,84.90743,73.58312,66.88445,54.21454,54.287525,49.006763,46.8245,39.53784,0.999976395,0.999979872,0.999992841,0.999940504,0.999914336,0.824802622,0.812156712,0.648805629,0.288646547,0.061094851,9.17e-05,6.33e-05,6.46e-06,1.1e-05,2.38e-06,0.004088682,0.003557935,0.000601918,0.000544121,9.78e-05,0.998351139,0.998699912,0.998944962,0.979941764,0.894296433,0.234854693,0.238305213,0.072810724,0.042471304,0.006542351,14198.35857,10157.81577,6911.295178,4296.541925,0.034427107,0.024629904,0.016757986,0.01041793,0.034557452,1,1,0,0,1
49,"Mackay Christian College  ' King's Park ' Senior Campus, 4740, queensland",-21.1150543,149.1823579,TC_Curve4,517804,101.97864,102.54949,106.46332,99.155624,95.90006,65.65044,65.35943,61.916046,56.21021,49.213253,23.536728,21.984337,13.135722,15.40301,9.530976,38.321957,37.63829,30.819265,30.409489,23.724182,83.769394,84.95543,85.91286,74.38134,67.154144,54.78102,54.77401,49.89676,47.35943,40.110447,0.999987893,0.999989573,0.999996257,0.999974651,0.999940565,0.859649334,0.850204487,0.697381658,0.341029711,0.076544989,9.99e-05,6.65e-05,6.56e-06,1.19e-05,2.55e-06,0.00476744,0.00398937,0.000671662,0.000603387,0.00010491,0.998579363,0.998958121,0.999188898,0.983662119,0.900786443,0.26253865,0.262183465,0.090189134,0.048544889,0.007592229,18694.85173,13570.1892,9311.218424,5590.749489,0.036104108,0.026207193,0.017982129,0.010797038,0.036348826,1,1,0,0,1
50,"Mackillop Catholic Primary School, 4740, queensland",-21.0799798,149.185358,TC_Curve4,804675,101.84748,103.405975,106.60019,99.90586,92.98344,66.047424,65.49463,62.240673,57.122932,49.622364,23.764702,22.171194,13.318093,15.396936,9.56218,38.818096,38.176838,31.154871,30.956245,24.057138,85.96212,87.88896,87.89591,76.683815,69.24921,55.462273,55.125587,50.616573,47.52523,40.716557,0.99998747,0.999991667,0.999996389,0.999979171,0.99987248,0.871724899,0.854656047,0.715008544,0.396566322,0.084466352,0.000106028,6.99e-05,6.88e-06,1.19e-05,2.58e-06,0.005425005,0.004590554,0.000733291,0.000696165,0.000114462,0.999199281,0.999516305,0.999517184,0.990991128,0.94016139,0.298491856,0.280371192,0.10689014,0.050589223,0.008886,29744.83772,21887.4963,15399.02395,9130.200722,0.036965033,0.027200418,0.019136948,0.011346445,0.038062805,1,1,0,0,1
51,"Mackay North State School Primary, 4740, queensland",-21.12239,149.1838293,TC_Curve4,901493,101.97864,102.54949,106.46332,99.155624,95.90006,65.65044,65.35943,61.916046,56.21021,49.213253,23.536728,21.984337,13.135722,15.40301,9.530976,38.321957,37.63829,30.819265,30.409489,23.724182,83.769394,84.95543,85.91286,74.38134,67.154144,54.78102,54.77401,49.89676,47.35943,40.110447,0.999987893,0.999989573,0.999996257,0.999974651,0.999940565,0.859649334,0.850204487,0.697381658,0.341029711,0.076544989,9.99e-05,6.65e-05,6.56e-06,1.19e-05,2.55e-06,0.00476744,0.00398937,0.000671662,0.000603387,0.00010491,0.998579363,0.998958121,0.999188898,0.983662119,0.900786443,0.26253865,0.262183465,0.090189134,0.048544889,0.007592229,32547.60096,23625.60075,16210.76359,9733.45422,0.036104108,0.026207193,0.017982129,0.010797038,0.036348826,1,1,0,0,1
52,"St.Patrick's College Mackay- senior Campus, 4740, queensland",-21.1395679,149.184444,TC_Curve4,153107,99.427956,100.0366,103.98611,95.89612,94.50344,64.645134,64.319855,61.07151,55.2809,48.28858,23.210484,21.792347,13.073029,15.109788,9.252893,37.73261,37.199394,30.400167,30.014292,23.45792,83.19938,84.10861,84.90743,73.58312,66.88445,54.21454,54.287525,49.006763,46.8245,39.53784,0.999976395,0.999979872,0.999992841,0.999940504,0.999914336,0.824802622,0.812156712,0.648805629,0.288646547,0.061094851,9.17e-05,6.33e-05,6.46e-06,1.1e-05,2.38e-06,0.004088682,0.003557935,0.000601918,0.000544121,9.78e-05,0.998351139,0.998699912,0.998944962,0.979941764,0.894296433,0.234854693,0.238305213,0.072810724,0.042471304,0.006542351,5271.031054,3771.010719,2565.765003,1595.058035,0.034427107,0.024629904,0.016757986,0.01041793,0.034557452,1,1,0,0,1
53,"Mackay State High School, 4740, queensland",-21.1522738,149.176745,TC_Curve4,325564,99.427956,100.0366,103.98611,95.89612,94.50344,64.645134,64.319855,61.07151,55.2809,48.28858,23.210484,21.792347,13.073029,15.109788,9.252893,37.73261,37.199394,30.400167,30.014292,23.45792,83.19938,84.10861,84.90743,73.58312,66.88445,54.21454,54.287525,49.006763,46.8245,39.53784,0.999976395,0.999979872,0.999992841,0.999940504,0.999914336,0.824802622,0.812156712,0.648805629,0.288646547,0.061094851,9.17e-05,6.33e-05,6.46e-06,1.1e-05,2.38e-06,0.004088682,0.003557935,0.000601918,0.000544121,9.78e-05,0.998351139,0.998699912,0.998944962,0.979941764,0.894296433,0.234854693,0.238305213,0.072810724,0.042471304,0.006542351,11208.22663,8018.610082,5455.797039,3391.703018,0.034427107,0.024629904,0.016757986,0.01041793,0.034557452,1,1,0,0,1
54,"Mackay West State School (Bridge Rd), 4740, queensland",-21.1519417,149.1642752,TC_Curve4,565576,99.427956,100.0366,103.98611,95.89612,94.50344,64.645134,64.319855,61.07151,55.2809,48.28858,23.210484,21.792347,13.073029,15.109788,9.252893,37.73261,37.199394,30.400167,30.014292,23.45792,83.19938,84.10861,84.90743,73.58312,66.88445,54.21454,54.287525,49.006763,46.8245,39.53784,0.999976395,0.999979872,0.999992841,0.999940504,0.999914336,0.824802622,0.812156712,0.648805629,0.288646547,0.061094851,9.17e-05,6.33e-05,6.46e-06,1.1e-05,2.38e-06,0.004088682,0.003557935,0.000601918,0.000544121,9.78e-05,0.998351139,0.998699912,0.998944962,0.979941764,0.894296433,0.234854693,0.238305213,0.072810724,0.042471304,0.006542351,19471.14541,13930.08261,9477.914838,5892.131275,0.034427107,0.024629904,0.016757986,0.01041793,0.034557452,1,1,0,0,1
55,"Northview State School, 4740, queensland",-21.1098842,149.1509552,TC_Curve4,556147,101.97864,102.54949,106.46332,99.155624,95.90006,65.65044,65.35943,61.916046,56.21021,49.213253,23.536728,21.984337,13.135722,15.40301,9.530976,38.321957,37.63829,30.819265,30.409489,23.724182,83.769394,84.95543,85.91286,74.38134,67.154144,54.78102,54.77401,49.89676,47.35943,40.110447,0.999987893,0.999989573,0.999996257,0.999974651,0.999940565,0.859649334,0.850204487,0.697381658,0.341029711,0.076544989,9.99e-05,6.65e-05,6.56e-06,1.19e-05,2.55e-06,0.00476744,0.00398937,0.000671662,0.000603387,0.00010491,0.998579363,0.998958121,0.999188898,0.983662119,0.900786443,0.26253865,0.262183465,0.090189134,0.048544889,0.007592229,20079.19155,14575.05159,10000.7072,6004.740318,0.036104108,0.026207193,0.017982129,0.010797038,0.036348826,1,1,0,0,1
56,"St. Mary's Catholic Primary School, 4740, queensland",-21.1537447,149.1845152,TC_Curve4,452793,99.427956,100.0366,103.98611,95.89612,94.50344,64.645134,64.319855,61.07151,55.2809,48.28858,23.210484,21.792347,13.073029,15.109788,9.252893,37.73261,37.199394,30.400167,30.014292,23.45792,83.19938,84.10861,84.90743,73.58312,66.88445,54.21454,54.287525,49.006763,46.8245,39.53784,0.999976395,0.999979872,0.999992841,0.999940504,0.999914336,0.824802622,0.812156712,0.648805629,0.288646547,0.061094851,9.17e-05,6.33e-05,6.46e-06,1.1e-05,2.38e-06,0.004088682,0.003557935,0.000601918,0.000544121,9.78e-05,0.998351139,0.998699912,0.998944962,0.979941764,0.894296433,0.234854693,0.238305213,0.072810724,0.042471304,0.006542351,15588.35301,11152.24814,7587.898873,4717.165856,0.034427107,0.024629904,0.016757986,0.01041793,0.034557452,1,1,0,0,1
57,"Mackay West State School (Bridge Rd), 4740, queensland",-21.1519417,149.1642752,TC_Curve4,931389,99.427956,100.0366,103.98611,95.89612,94.50344,64.645134,64.319855,61.07151,55.2809,48.28858,23.210484,21.792347,13.073029,15.109788,9.252893,37.73261,37.199394,30.400167,30.014292,23.45792,83.19938,84.10861,84.90743,73.58312,66.88445,54.21454,54.287525,49.006763,46.8245,39.53784,0.999976395,0.999979872,0.999992841,0.999940504,0.999914336,0.824802622,0.812156712,0.648805629,0.288646547,0.061094851,9.17e-05,6.33e-05,6.46e-06,1.1e-05,2.38e-06,0.004088682,0.003557935,0.000601918,0.000544121,9.78e-05,0.998351139,0.998699912,0.998944962,0.979941764,0.894296433,0.234854693,0.238305213,0.072810724,0.042471304,0.006542351,32065.02866,22940.0217,15608.20407,9703.145564,0.034427107,0.024629904,0.016757986,0.01041793,0.034557452,1,1,0,0,1
58,"Mackay Northern Beaches State High School, 4740, queensland",-21.0678786,149.1616229,TC_Curve4,818257,101.84748,103.405975,106.60019,99.90586,92.98344,66.047424,65.49463,62.240673,57.122932,49.622364,23.764702,22.171194,13.318093,15.396936,9.56218,38.818096,38.176838,31.154871,30.956245,24.057138,85.96212,87.88896,87.89591,76.683815,69.24921,55.462273,55.125587,50.616573,47.52523,40.716557,0.99998747,0.999991667,0.999996389,0.999979171,0.99987248,0.871724899,0.854656047,0.715008544,0.396566322,0.084466352,0.000106028,6.99e-05,6.88e-06,1.19e-05,2.58e-06,0.005425005,0.004590554,0.000733291,0.000696165,0.000114462,0.999199281,0.999516305,0.999517184,0.990991128,0.94016139,0.298491856,0.280371192,0.10689014,0.050589223,0.008886,30246.89679,22256.93237,15658.94199,9284.30814,0.036965033,0.027200418,0.019136948,0.011346445,0.038062805,1,1,0,0,1
59,"Eimeo Road State School, 4740, queensland",-21.0594276,149.1620058,TC_Curve4,494971,101.84748,103.405975,106.60019,99.90586,92.98344,66.047424,65.49463,62.240673,57.122932,49.622364,23.764702,22.171194,13.318093,15.396936,9.56218,38.818096,38.176838,31.154871,30.956245,24.057138,85.96212,87.88896,87.89591,76.683815,69.24921,55.462273,55.125587,50.616573,47.52523,40.716557,0.99998747,0.999991667,0.999996389,0.999979171,0.99987248,0.871724899,0.854656047,0.715008544,0.396566322,0.084466352,0.000106028,6.99e-05,6.88e-06,1.19e-05,2.58e-06,0.005425005,0.004590554,0.000733291,0.000696165,0.000114462,0.999199281,0.999516305,0.999517184,0.990991128,0.94016139,0.298491856,0.280371192,0.10689014,0.050589223,0.008886,18296.61922,13463.41806,9472.234486,5616.161285,0.036965033,0.027200418,0.019136948,0.011346445,0.038062805,1,1,0,0,1
60,"Emmanuel Catholic Primary School, 4740, queensland",-21.1112233,149.1571284,TC_Curve4,205513,101.97864,102.54949,106.46332,99.155624,95.90006,65.65044,65.35943,61.916046,56.21021,49.213253,23.536728,21.984337,13.135722,15.40301,9.530976,38.321957,37.63829,30.819265,30.409489,23.724182,83.769394,84.95543,85.91286,74.38134,67.154144,54.78102,54.77401,49.89676,47.35943,40.110447,0.999987893,0.999989573,0.999996257,0.999974651,0.999940565,0.859649334,0.850204487,0.697381658,0.341029711,0.076544989,9.99e-05,6.65e-05,6.56e-06,1.19e-05,2.55e-06,0.00476744,0.00398937,0.000671662,0.000603387,0.00010491,0.998579363,0.998958121,0.999188898,0.983662119,0.900786443,0.26253865,0.262183465,0.090189134,0.048544889,0.007592229,7419.863622,5385.91879,3695.561317,2218.93168,0.036104108,0.026207193,0.017982129,0.010797038,0.036348826,1,1,0,0,1
61,"Mackay Christian college  'providence' junior campus, 4740, queensland",-21.1142539,149.1756591,TC_Curve4,285832,101.97864,102.54949,106.46332,99.155624,95.90006,65.65044,65.35943,61.916046,56.21021,49.213253,23.536728,21.984337,13.135722,15.40301,9.530976,38.321957,37.63829,30.819265,30.409489,23.724182,83.769394,84.95543,85.91286,74.38134,67.154144,54.78102,54.77401,49.89676,47.35943,40.110447,0.999987893,0.999989573,0.999996257,0.999974651,0.999940565,0.859649334,0.850204487,0.697381658,0.341029711,0.076544989,9.99e-05,6.65e-05,6.56e-06,1.19e-05,2.55e-06,0.00476744,0.00398937,0.000671662,0.000603387,0.00010491,0.998579363,0.998958121,0.999188898,0.983662119,0.900786443,0.26253865,0.262183465,0.090189134,0.048544889,0.007592229,10319.7095,7490.854299,5139.867951,3086.138979,0.036104108,0.026207193,0.017982129,0.010797038,0.036348826,1,1,0,0,1
62,"Greensfields Shopping Centre, 4740, queensland",-21.1227079,149.1590783,TC_Curve3,404106,101.97864,102.54949,106.46332,99.155624,95.90006,65.65044,65.35943,61.916046,56.21021,49.213253,23.536728,21.984337,13.135722,15.40301,9.530976,38.321957,37.63829,30.819265,30.409489,23.724182,83.769394,84.95543,85.91286,74.38134,67.154144,54.78102,54.77401,49.89676,47.35943,40.110447,0.999945738,0.999951145,0.99997621,0.999908819,0.999834103,0.958592963,0.956416231,0.920953817,0.803174085,0.529896675,0.009938176,0.00748887,0.001480631,0.002244733,0.000763674,0.132062922,0.118308598,0.036885562,0.034300353,0.010283103,0.99845861,0.998760247,0.998960156,0.99140001,0.968277753,0.758315927,0.758079576,0.561045192,0.444941402,0.174510294,27223.24723,21027.44176,18198.3332,10948.73389,0.0673666,0.052034471,0.045033563,0.027093718,0.068635326,3,2,2,1,3
63,"Parkside Plaza Mackay, 4740, queensland",-21.1582043,149.1692182,TC_Curve3,353048,99.427956,100.0366,103.98611,95.89612,94.50344,64.645134,64.319855,61.07151,55.2809,48.28858,23.210484,21.792347,13.073029,15.109788,9.252893,37.73261,37.199394,30.400167,30.014292,23.45792,83.19938,84.10861,84.90743,73.58312,66.88445,54.21454,54.287525,49.006763,46.8245,39.53784,0.999913272,0.999922454,0.999962486,0.999833983,0.999785543,0.950601359,0.947715935,0.908884806,0.774758932,0.487430471,0.00936497,0.007230996,0.001463686,0.002127165,0.000725636,0.120129601,0.110146553,0.034243628,0.031973203,0.009796608,0.998288581,0.998551677,0.998749272,0.990054006,0.966718733,0.738716887,0.741298821,0.520429251,0.420800633,0.159859033,23255.62524,17644.80137,15305.4148,9069.229179,0.065871001,0.049978477,0.043352221,0.025688374,0.066722627,3,2,2,1,3
64,"Ooralea Shopping Centre, 4740, queensland",-21.174957,149.1512195,TC_Curve3,301831,98.37975,96.882965,101.289,94.661705,93.82771,63.62662,63.453995,60.391117,54.25948,47.445225,22.943773,21.613111,12.974847,14.911418,9.169667,37.06287,36.617992,29.854908,29.467611,23.217613,81.7486,82.8948,82.41758,72.38504,65.53315,53.41914,53.602695,47.99535,45.990913,38.8297,0.99989484,0.999861528,0.999938403,0.999791692,0.999757178,0.941027388,0.939241091,0.897981075,0.740308661,0.448840706,0.008920791,0.006998217,0.001437538,0.002051133,0.000714624,0.107710116,0.100097051,0.0310785,0.029004267,0.009377139,0.997766537,0.998190181,0.998024529,0.987633246,0.957728464,0.709521481,0.716427921,0.473972313,0.383963577,0.143136188,19288.42088,14386.1311,12373.7091,7307.266914,0.063904705,0.047662868,0.040995488,0.024209796,0.064361995,3,2,2,1,3
65,"Caneland Cental, 4740, queensland",-21.1384481,149.1775501,TC_Curve3,836994,99.427956,100.0366,103.98611,95.89612,94.50344,64.645134,64.319855,61.07151,55.2809,48.28858,23.210484,21.792347,13.073029,15.109788,9.252893,37.73261,37.199394,30.400167,30.014292,23.45792,83.19938,84.10861,84.90743,73.58312,66.88445,54.21454,54.287525,49.006763,46.8245,39.53784,0.999913272,0.999922454,0.999962486,0.999833983,0.999785543,0.950601359,0.947715935,0.908884806,0.774758932,0.487430471,0.00936497,0.007230996,0.001463686,0.002127165,0.000725636,0.120129601,0.110146553,0.034243628,0.031973203,0.009796608,0.998288581,0.998551677,0.998749272,0.990054006,0.966718733,0.738716887,0.741298821,0.520429251,0.420800633,0.159859033,55133.6328,41831.68542,36285.54858,21501.01518,0.065871001,0.049978477,0.043352221,0.025688374,0.066722627,3,2,2,1,3
66,"Mount Pleasant Centre, 4740, queensland",-21.1191188,149.1586076,TC_Curve3,914209,101.97864,102.54949,106.46332,99.155624,95.90006,65.65044,65.35943,61.916046,56.21021,49.213253,23.536728,21.984337,13.135722,15.40301,9.530976,38.321957,37.63829,30.819265,30.409489,23.724182,83.769394,84.95543,85.91286,74.38134,67.154144,54.78102,54.77401,49.89676,47.35943,40.110447,0.999945738,0.999951145,0.99997621,0.999908819,0.999834103,0.958592963,0.956416231,0.920953817,0.803174085,0.529896675,0.009938176,0.00748887,0.001480631,0.002244733,0.000763674,0.132062922,0.118308598,0.036885562,0.034300353,0.010283103,0.99845861,0.998760247,0.998960156,0.99140001,0.968277753,0.758315927,0.758079576,0.561045192,0.444941402,0.174510294,61587.15194,47570.3813,41170.08902,24769.32058,0.0673666,0.052034471,0.045033563,0.027093718,0.068635326,3,2,2,1,3
67,"Northern Beaches Central, 4740, queensland",-21.0648253,149.1581361,TC_Curve3,197192,101.84748,103.405975,106.60019,99.90586,92.98344,66.047424,65.49463,62.240673,57.122932,49.622364,23.764702,22.171194,13.318093,15.396936,9.56218,38.818096,38.176838,31.154871,30.956245,24.057138,85.96212,87.88896,87.89591,76.683815,69.24921,55.462273,55.125587,50.616573,47.52523,40.716557,0.999944414,0.999958263,0.999976802,0.999920567,0.999716412,0.961395218,0.957440788,0.925191304,0.828363509,0.548584296,0.010359205,0.00774861,0.001531045,0.002242233,0.000768065,0.142874696,0.129034389,0.039141472,0.03779082,0.010925214,0.998969522,0.999276718,0.999277641,0.994351555,0.978198151,0.780525206,0.769736461,0.593331867,0.452482516,0.191151028,13552.4191,10567.13747,9089.428312,5568.007687,0.068727023,0.053588064,0.046094306,0.028236479,0.070464728,3,2,2,1,3
68,"The Hub @ Greenfields, 4740, queensland",-21.122423,149.1580966,TC_Curve3,708928,101.97864,102.54949,106.46332,99.155624,95.90006,65.65044,65.35943,61.916046,56.21021,49.213253,23.536728,21.984337,13.135722,15.40301,9.530976,38.321957,37.63829,30.819265,30.409489,23.724182,83.769394,84.95543,85.91286,74.38134,67.154144,54.78102,54.77401,49.89676,47.35943,40.110447,0.999945738,0.999951145,0.99997621,0.999908819,0.999834103,0.958592963,0.956416231,0.920953817,0.803174085,0.529896675,0.009938176,0.00748887,0.001480631,0.002244733,0.000763674,0.132062922,0.118308598,0.036885562,0.034300353,0.010283103,0.99845861,0.998760247,0.998960156,0.99140001,0.968277753,0.758315927,0.758079576,0.561045192,0.444941402,0.174510294,47758.06895,36888.69315,31925.55408,19207.49511,0.0673666,0.052034471,0.045033563,0.027093718,0.068635326,3,2,2,1,3
69,"Fourways Shopping Centre, 4740, queensland",-21.1527875,149.1663466,TC_Curve3,74439,99.427956,100.0366,103.98611,95.89612,94.50344,64.645134,64.319855,61.07151,55.2809,48.28858,23.210484,21.792347,13.073029,15.109788,9.252893,37.73261,37.199394,30.400167,30.014292,23.45792,83.19938,84.10861,84.90743,73.58312,66.88445,54.21454,54.287525,49.006763,46.8245,39.53784,0.999913272,0.999922454,0.999962486,0.999833983,0.999785543,0.950601359,0.947715935,0.908884806,0.774758932,0.487430471,0.00936497,0.007230996,0.001463686,0.002127165,0.000725636,0.120129601,0.110146553,0.034243628,0.031973203,0.009796608,0.998288581,0.998551677,0.998749272,0.990054006,0.966718733,0.738716887,0.741298821,0.520429251,0.420800633,0.159859033,4903.37146,3720.347853,3227.095954,1912.216897,0.065871001,0.049978477,0.043352221,0.025688374,0.066722627,3,2,2,1,3
70,"Northpoint Retail, 4740, queensland",-21.129031,149.159989,TC_Curve3,766890,101.97864,102.54949,106.46332,99.155624,95.90006,65.65044,65.35943,61.916046,56.21021,49.213253,23.536728,21.984337,13.135722,15.40301,9.530976,38.321957,37.63829,30.819265,30.409489,23.724182,83.769394,84.95543,85.91286,74.38134,67.154144,54.78102,54.77401,49.89676,47.35943,40.110447,0.999945738,0.999951145,0.99997621,0.999908819,0.999834103,0.958592963,0.956416231,0.920953817,0.803174085,0.529896675,0.009938176,0.00748887,0.001480631,0.002244733,0.000763674,0.132062922,0.118308598,0.036885562,0.034300353,0.010283103,0.99845861,0.998760247,0.998960156,0.99140001,0.968277753,0.758315927,0.758079576,0.561045192,0.444941402,0.174510294,51662.77181,39904.71513,34535.78949,20777.90118,0.0673666,0.052034471,0.045033563,0.027093718,0.068635326,3,2,2,1,3
71,"Sydney Street Market, 4740, queensland",-21.1442701,149.1873754,TC_Curve3,885026,99.427956,100.0366,103.98611,95.89612,94.50344,64.645134,64.319855,61.07151,55.2809,48.28858,23.210484,21.792347,13.073029,15.109788,9.252893,37.73261,37.199394,30.400167,30.014292,23.45792,83.19938,84.10861,84.90743,73.58312,66.88445,54.21454,54.287525,49.006763,46.8245,39.53784,0.999913272,0.999922454,0.999962486,0.999833983,0.999785543,0.950601359,0.947715935,0.908884806,0.774758932,0.487430471,0.00936497,0.007230996,0.001463686,0.002127165,0.000725636,0.120129601,0.110146553,0.034243628,0.031973203,0.009796608,0.998288581,0.998551677,0.998749272,0.990054006,0.966718733,0.738716887,0.741298821,0.520429251,0.420800633,0.159859033,58297.54873,44232.25163,38367.84244,22734.87918,0.065871001,0.049978477,0.043352221,0.025688374,0.066722627,3,2,2,1,3
72,"Hibiscus Shopping Centre, 4740, queensland",-21.0364604,149.1573518,TC_Curve3,178169,102.8972,106.69959,108.40231,98.55122,90.04888,66.51589,65.612724,62.81855,57.717575,50.02364,24.055313,22.473978,13.67038,15.747109,9.847772,39.29839,38.566265,31.481415,31.130266,24.43376,87.50215,90.430466,88.95556,77.84814,70.710526,56.493694,56.06824,51.957317,48.483376,41.78527,0.99995417,0.999977222,0.999983345,0.999898103,0.999513667,0.964468106,0.958316855,0.932221158,0.843355481,0.566782174,0.010921588,0.008188596,0.001633333,0.002390994,0.000809441,0.154034087,0.137297475,0.041463132,0.03897168,0.011699419,0.999223445,0.999546604,0.999405445,0.995435144,0.983249067,0.811284157,0.799014829,0.651190774,0.496382009,0.223385497,12578.62824,10016.83247,8593.407564,5338.420715,0.070599421,0.056220961,0.048231777,0.02996268,0.072673564,3,2,2,1,3
73,"Northern Beaches Central Showroom Precinct, 4740, queensland",-21.0634086,149.1602746,TC_Curve3,983230,101.84748,103.405975,106.60019,99.90586,92.98344,66.047424,65.49463,62.240673,57.122932,49.622364,23.764702,22.171194,13.318093,15.396936,9.56218,38.818096,38.176838,31.154871,30.956245,24.057138,85.96212,87.88896,87.89591,76.683815,69.24921,55.462273,55.125587,50.616573,47.52523,40.716557,0.999944414,0.999958263,0.999976802,0.999920567,0.999716412,0.961395218,0.957440788,0.925191304,0.828363509,0.548584296,0.010359205,0.00774861,0.001531045,0.002242233,0.000768065,0.142874696,0.129034389,0.039141472,0.03779082,0.010925214,0.998969522,0.999276718,0.999277641,0.994351555,0.978198151,0.780525206,0.769736461,0.593331867,0.452482516,0.191151028,67574.47074,52689.39195,45321.30411,27762.95285,0.068727023,0.053588064,0.046094306,0.028236479,0.070464728,3,2,2,1,3
74,"Far Beach Shopping Centre, 4740, queensland",-21.1627425,149.189321,TC_Curve3,833680,99.427956,100.0366,103.98611,95.89612,94.50344,64.645134,64.319855,61.07151,55.2809,48.28858,23.210484,21.792347,13.073029,15.109788,9.252893,37.73261,37.199394,30.400167,30.014292,23.45792,83.19938,84.10861,84.90743,73.58312,66.88445,54.21454,54.287525,49.006763,46.8245,39.53784,0.999913272,0.999922454,0.999962486,0.999833983,0.999785543,0.950601359,0.947715935,0.908884806,0.774758932,0.487430471,0.00936497,0.007230996,0.001463686,0.002127165,0.000725636,0.120129601,0.110146553,0.034243628,0.031973203,0.009796608,0.998288581,0.998551677,0.998749272,0.990054006,0.966718733,0.738716887,0.741298821,0.520429251,0.420800633,0.159859033,54915.3363,41666.05675,36141.87932,21415.88391,0.065871001,0.049978477,0.043352221,0.025688374,0.066722627,3,2,2,1,3
75,"HomeCo Mackay, 4740, queensland",-21.0987982,149.1586596,TC_Curve3,684308,101.97864,102.54949,106.46332,99.155624,95.90006,65.65044,65.35943,61.916046,56.21021,49.213253,23.536728,21.984337,13.135722,15.40301,9.530976,38.321957,37.63829,30.819265,30.409489,23.724182,83.769394,84.95543,85.91286,74.38134,67.154144,54.78102,54.77401,49.89676,47.35943,40.110447,0.999945738,0.999951145,0.99997621,0.999908819,0.999834103,0.958592963,0.956416231,0.920953817,0.803174085,0.529896675,0.009938176,0.00748887,0.001480631,0.002244733,0.000763674,0.132062922,0.118308598,0.036885562,0.034300353,0.010283103,0.99845861,0.998760247,0.998960156,0.99140001,0.968277753,0.758315927,0.758079576,0.561045192,0.444941402,0.174510294,46099.50326,35607.60449,30816.82775,18540.44778,0.0673666,0.052034471,0.045033563,0.027093718,0.068635326,3,2,2,1,3
76,"2017 Mackay SHOW, 4740, queensland",-21.1442513,149.1764421,TC_Curve3,146705,99.427956,100.0366,103.98611,95.89612,94.50344,64.645134,64.319855,61.07151,55.2809,48.28858,23.210484,21.792347,13.073029,15.109788,9.252893,37.73261,37.199394,30.400167,30.014292,23.45792,83.19938,84.10861,84.90743,73.58312,66.88445,54.21454,54.287525,49.006763,46.8245,39.53784,0.999913272,0.999922454,0.999962486,0.999833983,0.999785543,0.950601359,0.947715935,0.908884806,0.774758932,0.487430471,0.00936497,0.007230996,0.001463686,0.002127165,0.000725636,0.120129601,0.110146553,0.034243628,0.031973203,0.009796608,0.998288581,0.998551677,0.998749272,0.990054006,0.966718733,0.738716887,0.741298821,0.520429251,0.420800633,0.159859033,9663.605234,7332.092476,6359.987532,3768.612956,0.065871001,0.049978477,0.043352221,0.025688374,0.066722627,3,2,2,1,3
77,"Andergrove Village, 4740, queensland",-21.0974301,149.1805766,TC_Curve3,403456,101.97864,102.54949,106.46332,99.155624,95.90006,65.65044,65.35943,61.916046,56.21021,49.213253,23.536728,21.984337,13.135722,15.40301,9.530976,38.321957,37.63829,30.819265,30.409489,23.724182,83.769394,84.95543,85.91286,74.38134,67.154144,54.78102,54.77401,49.89676,47.35943,40.110447,0.999945738,0.999951145,0.99997621,0.999908819,0.999834103,0.958592963,0.956416231,0.920953817,0.803174085,0.529896675,0.009938176,0.00748887,0.001480631,0.002244733,0.000763674,0.132062922,0.118308598,0.036885562,0.034300353,0.010283103,0.99845861,0.998760247,0.998960156,0.99140001,0.968277753,0.758315927,0.758079576,0.561045192,0.444941402,0.174510294,27179.45894,20993.61936,18169.06138,10931.12297,0.0673666,0.052034471,0.045033563,0.027093718,0.068635326,3,2,2,1,3
78,"Blacks Beach Shops, 4740, queensland",-21.0550598,149.1906388,TC_Curve3,415084,102.44477,104.97898,106.81846,100.98542,96.90508,66.86595,66.93648,63.36722,57.774845,50.383312,23.788965,22.341522,13.338624,15.429928,9.548401,39.016396,38.41799,31.434582,31.042334,24.265303,85.28707,87.038086,87.211044,76.25859,68.938416,55.923527,55.81454,50.87504,47.824043,41.17028,0.999950195,0.999968745,0.999977714,0.999934867,0.99986209,0.96660911,0.967025127,0.938324186,0.844741567,0.582943114,0.010405041,0.007993151,0.001536827,0.002255846,0.000766123,0.147398176,0.134100087,0.04112224,0.038370632,0.011346645,0.998833501,0.999154333,0.999180781,0.993895009,0.976945563,0.794707758,0.791419118,0.604746029,0.466126244,0.204382927,29131.93968,22596.71711,19499.74591,12206.25191,0.070183239,0.054438902,0.046977831,0.029406703,0.071488832,3,2,2,1,3
79,"Rivage Apartments, 26 riverstreet, 4740, queensland",-21.1380308,149.181582,TC_Curve1,980503,99.427956,100.0366,103.98611,95.89612,94.50344,64.645134,64.319855,61.07151,55.2809,48.28858,23.210484,21.792347,13.073029,15.109788,9.252893,37.73261,37.199394,30.400167,30.014292,23.45792,83.19938,84.10861,84.90743,73.58312,66.88445,54.21454,54.287525,49.006763,46.8245,39.53784,0.999998044,0.999998294,0.999999299,0.999995669,0.999994075,0.995119335,0.994750641,0.989158097,0.961224452,0.837124906,0.017877982,0.013057382,0.001856321,0.002932439,0.000786668,0.323366953,0.297689087,0.084068832,0.077619723,0.01888231,0.999924606,0.999938555,0.999948663,0.999344089,0.997045533,0.951221766,0.951978182,0.857978023,0.787100986,0.417724064,88688.53592,67597.66777,63866.408,42456.3025,0.09045208,0.068941827,0.065136372,0.043300533,0.092723594,4,3,3,2,4
80,"Canela, 386 bridge road, 4740, queensland",-21.1505705,149.1637219,TC_Curve1,249130,99.427956,100.0366,103.98611,95.89612,94.50344,64.645134,64.319855,61.07151,55.2809,48.28858,23.210484,21.792347,13.073029,15.109788,9.252893,37.73261,37.199394,30.400167,30.014292,23.45792,83.19938,84.10861,84.90743,73.58312,66.88445,54.21454,54.287525,49.006763,46.8245,39.53784,0.999998044,0.999998294,0.999999299,0.999995669,0.999994075,0.995119335,0.994750641,0.989158097,0.961224452,0.837124906,0.017877982,0.013057382,0.001856321,0.002932439,0.000786668,0.323366953,0.297689087,0.084068832,0.077619723,0.01888231,0.999924606,0.999938555,0.999948663,0.999344089,0.997045533,0.951221766,0.951978182,0.857978023,0.787100986,0.417724064,22534.32672,17175.47725,16227.42432,10787.46179,0.09045208,0.068941827,0.065136372,0.043300533,0.092723594,4,3,3,2,4
81,"71 Grendon Street, North Mackay, Housing Complex,Grendon st, 4740, queensland",-21.1183628,149.1895229,TC_Curve1,579384,101.97864,102.54949,106.46332,99.155624,95.90006,65.65044,65.35943,61.916046,56.21021,49.213253,23.536728,21.984337,13.135722,15.40301,9.530976,38.321957,37.63829,30.819265,30.409489,23.724182,83.769394,84.95543,85.91286,74.38134,67.154144,54.78102,54.77401,49.89676,47.35943,40.110447,0.999998898,0.999999031,0.999999598,0.99999792,0.999995673,0.996103595,0.995841003,0.991017689,0.968309465,0.863546219,0.019213656,0.013625995,0.001882645,0.003131825,0.000837424,0.353035035,0.318740696,0.091621192,0.084230482,0.020024874,0.999933681,0.999949215,0.999959057,0.999451868,0.997219014,0.956807458,0.956742208,0.880677929,0.80657535,0.449355679,53520.55283,40840.13751,38576.93884,26151.59017,0.092374924,0.070488894,0.066582679,0.045136887,0.095405051,4,3,3,2,4
82,"Lanai Riverside  Apartments MAckay Accommodation, 20 River St, 4740, queensland",-21.1384465,149.1820588,TC_Curve1,754239,99.427956,100.0366,103.98611,95.89612,94.50344,64.645134,64.319855,61.07151,55.2809,48.28858,23.210484,21.792347,13.073029,15.109788,9.252893,37.73261,37.199394,30.400167,30.014292,23.45792,83.19938,84.10861,84.90743,73.58312,66.88445,54.21454,54.287525,49.006763,46.8245,39.53784,0.999998044,0.999998294,0.999999299,0.999995669,0.999994075,0.995119335,0.994750641,0.989158097,0.961224452,0.837124906,0.017877982,0.013057382,0.001856321,0.002932439,0.000786668,0.323366953,0.297689087,0.084068832,0.077619723,0.01888231,0.999924606,0.999938555,0.999948663,0.999344089,0.997045533,0.951221766,0.951978182,0.857978023,0.787100986,0.417724064,68222.48646,51998.61433,49128.39196,32658.95071,0.09045208,0.068941827,0.065136372,0.043300533,0.092723594,4,3,3,2,4
83,"Sharehouse, 46 Peel St, 4740, queensland",-21.1458217,149.1786383,TC_Curve1,413925,99.427956,100.0366,103.98611,95.89612,94.50344,64.645134,64.319855,61.07151,55.2809,48.28858,23.210484,21.792347,13.073029,15.109788,9.252893,37.73261,37.199394,30.400167,30.014292,23.45792,83.19938,84.10861,84.90743,73.58312,66.88445,54.21454,54.287525,49.006763,46.8245,39.53784,0.999998044,0.999998294,0.999999299,0.999995669,0.999994075,0.995119335,0.994750641,0.989158097,0.961224452,0.837124906,0.017877982,0.013057382,0.001856321,0.002932439,0.000786668,0.323366953,0.297689087,0.084068832,0.077619723,0.01888231,0.999924606,0.999938555,0.999948663,0.999344089,0.997045533,0.951221766,0.951978182,0.857978023,0.787100986,0.417724064,37440.37726,28536.74556,26961.57271,17923.17312,0.09045208,0.068941827,0.065136372,0.043300533,0.092723594,4,3,3,2,4
84,"Mackay, HousingComplex, 219 KEELEYS RD, 4740, queensland",-21.0978647,149.1911385,TC_Curve1,94169,101.18499,103.489456,106.46453,99.00987,97.78467,65.99808,66.66259,62.805813,56.578426,49.704384,23.584509,22.232494,13.312251,15.336253,9.482061,38.483788,37.700657,30.83997,30.761505,24.032562,83.5649,84.53956,86.55015,74.23965,67.050186,55.261963,55.426983,50.209015,47.643646,40.541492,0.999998683,0.999999216,0.999999598,0.999997851,0.999997169,0.996395725,0.99689476,0.992635502,0.970755721,0.876053477,0.019417319,0.014397263,0.001958785,0.003085275,0.000828265,0.361396227,0.321795801,0.092009678,0.090545191,0.021432957,0.999930558,0.999944233,0.999964527,0.99943412,0.997153379,0.961065321,0.962431257,0.887866398,0.816357986,0.473455124,8748.712607,6670.977987,6358.357401,4372.981879,0.092904381,0.070840489,0.067520706,0.046437595,0.096259674,4,3,3,2,4
85,"Black Beach Drift wood, Condominum Complex , 34 Bourke St., 4740, queensland",-21.050638,149.190486,TC_Curve1,955428,102.44477,104.97898,106.81846,100.98542,96.90508,66.86595,66.93648,63.36722,57.774845,50.383312,23.788965,22.341522,13.338624,15.429928,9.548401,39.016396,38.41799,31.434582,31.042334,24.265303,85.28707,87.038086,87.211044,76.25859,68.938416,55.923527,55.81454,50.87504,47.824043,41.17028,0.999999008,0.999999439,0.999999629,0.999998622,0.999996549,0.997033244,0.997079819,0.993503812,0.977502837,0.891712212,0.020312955,0.014749576,0.001970421,0.003150793,0.000840711,0.389489049,0.357986327,0.103814769,0.095885302,0.022559356,0.999952867,0.999968215,0.999969429,0.999640656,0.998136932,0.966268961,0.96546043,0.901942828,0.822365674,0.508802089,91665.62759,69138.79129,65269.87883,46083.0788,0.095941952,0.072364209,0.068314806,0.048232916,0.098771703,4,3,3,2,4
86,"Billy T Lane, Housing Complex, Vallet St., 4740, queensland",-22.575197,144.0847926,TC_Curve1,722588,54.9548,63.24569,51.982403,57.21997,55.135445,19.949047,15.97502,18.257633,19.217863,18.365818,4.479172,3.3104095,2.797986,3.0675786,1.931711,7.9623833,6.151129,5.948194,5.9265428,4.972974,30.079742,23.809933,27.018955,28.471792,27.086432,14.288189,11.168626,11.838016,12.9029,11.53464,0.95839495,0.993324908,0.921880965,0.974586996,0.959985934,0.008662582,0.0035605,0.005936695,0.007358051,0.006082102,0.000268844,0.000206685,0.000184179,0.000195696,0.000151565,0.00058852,0.000391598,0.000374124,0.000372307,0.00030043,0.078680745,0.020407061,0.041124625,0.056134501,0.041727558,0.002438666,0.001210109,0.001406552,0.001786723,0.001313858,961.8685867,1079.737304,1245.221943,1104.966218,0.001331144,0.001494264,0.001723281,0.001529179,0.001980519,0,0,0,0,0
88,"Ultimo Court, Housing Complex, Ultimo Court, 4740, queensland",-21.0918733,149.1716353,TC_Curve1,349580,101.97864,102.54949,106.46332,99.155624,95.90006,65.65044,65.35943,61.916046,56.21021,49.213253,23.536728,21.984337,13.135722,15.40301,9.530976,38.321957,37.63829,30.819265,30.409489,23.724182,83.769394,84.95543,85.91286,74.38134,67.154144,54.78102,54.77401,49.89676,47.35943,40.110447,0.999998898,0.999999031,0.999999598,0.99999792,0.999995673,0.996103595,0.995841003,0.991017689,0.968309465,0.863546219,0.019213656,0.013625995,0.001882645,0.003131825,0.000837424,0.353035035,0.318740696,0.091621192,0.084230482,0.020024874,0.999933681,0.999949215,0.999959057,0.999451868,0.997219014,0.956807458,0.956742208,0.880677929,0.80657535,0.449355679,32292.42585,24641.50766,23275.97289,15778.95297,0.092374924,0.070488894,0.066582679,0.045136887,0.095405051,4,3,3,2,4
89,"Cinnamon Garden Apartments, 6A Forth St., 4740, queensland",-21.152028,149.1809519,TC_Curve1,993663,99.427956,100.0366,103.98611,95.89612,94.50344,64.645134,64.319855,61.07151,55.2809,48.28858,23.210484,21.792347,13.073029,15.109788,9.252893,37.73261,37.199394,30.400167,30.014292,23.45792,83.19938,84.10861,84.90743,73.58312,66.88445,54.21454,54.287525,49.006763,46.8245,39.53784,0.999998044,0.999998294,0.999999299,0.999995669,0.999994075,0.995119335,0.994750641,0.989158097,0.961224452,0.837124906,0.017877982,0.013057382,0.001856321,0.002932439,0.000786668,0.323366953,0.297689087,0.084068832,0.077619723,0.01888231,0.999924606,0.999938555,0.999948663,0.999344089,0.997045533,0.951221766,0.951978182,0.857978023,0.787100986,0.417724064,89878.88529,68504.94221,64723.60265,43026.13752,0.09045208,0.068941827,0.065136372,0.043300533,0.092723594,4,3,3,2,4
90,"Mackay City Property, Real Estate Agency, 4/21 Wood St., 4740, queensland",-21.1407032,149.1861307,TC_Curve1,237195,99.427956,100.0366,103.98611,95.89612,94.50344,64.645134,64.319855,61.07151,55.2809,48.28858,23.210484,21.792347,13.073029,15.109788,9.252893,37.73261,37.199394,30.400167,30.014292,23.45792,83.19938,84.10861,84.90743,73.58312,66.88445,54.21454,54.287525,49.006763,46.8245,39.53784,0.999998044,0.999998294,0.999999299,0.999995669,0.999994075,0.995119335,0.994750641,0.989158097,0.961224452,0.837124906,0.017877982,0.013057382,0.001856321,0.002932439,0.000786668,0.323366953,0.297689087,0.084068832,0.077619723,0.01888231,0.999924606,0.999938555,0.999948663,0.999344089,0.997045533,0.951221766,0.951978182,0.857978023,0.787100986,0.417724064,21454.78114,16352.65655,15450.02172,10270.66992,0.09045208,0.068941827,0.065136372,0.043300533,0.092723594,4,3,3,2,4
91,"Cougar Developments, 6 Beachwood Cct,Bakers Creek , 4740, queensland",-21.2036676,149.1411915,TC_Curve1,833530,98.04346,97.97124,102.499825,93.822754,91.4603,63.08988,63.12103,59.73645,53.671265,46.79324,22.884937,21.377499,12.784587,15.027175,9.278302,36.833794,36.342266,29.574575,29.030455,22.908796,81.33813,80.99251,81.502884,72.29369,65.375404,53.29985,53.633488,48.148468,45.899796,38.817196,0.999997329,0.999997285,0.99999902,0.999993095,0.999988249,0.993088373,0.993136315,0.985414251,0.945226299,0.785919808,0.016636154,0.011907493,0.001739865,0.002878584,0.000791175,0.280780184,0.258994796,0.070825196,0.063178928,0.016724213,0.999885392,0.999876124,0.999889563,0.999123484,0.995855865,0.940734727,0.944784521,0.832780241,0.750158745,0.378884679,72501.83577,55680.37092,51854.54405,33876.43509,0.086981675,0.06680068,0.062210771,0.040642131,0.088798168,4,3,3,2,4
92,"Red Cross  Accommodation, 10 Thomas St., 4740, queensland",-21.1485172,149.1564628,TC_Curve1,916108,99.427956,100.0366,103.98611,95.89612,94.50344,64.645134,64.319855,61.07151,55.2809,48.28858,23.210484,21.792347,13.073029,15.109788,9.252893,37.73261,37.199394,30.400167,30.014292,23.45792,83.19938,84.10861,84.90743,73.58312,66.88445,54.21454,54.287525,49.006763,46.8245,39.53784,0.999998044,0.999998294,0.999999299,0.999995669,0.999994075,0.995119335,0.994750641,0.989158097,0.961224452,0.837124906,0.017877982,0.013057382,0.001856321,0.002932439,0.000786668,0.323366953,0.297689087,0.084068832,0.077619723,0.01888231,0.999924606,0.999938555,0.999948663,0.999344089,0.997045533,0.951221766,0.951978182,0.857978023,0.787100986,0.417724064,82863.87422,63158.15885,59671.95133,39667.96468,0.09045208,0.068941827,0.065136372,0.043300533,0.092723594,4,3,3,2,4
93,"Ocean Views, Beach Rd , 4740, queensland",-21.0359405,149.1821773,TC_Curve1,329434,102.8972,106.69959,108.40231,98.55122,90.04888,66.51589,65.612724,62.81855,57.717575,50.02364,24.055313,22.473978,13.67038,15.747109,9.847772,39.29839,38.566265,31.481415,31.130266,24.43376,87.50215,90.430466,88.95556,77.84814,70.710526,56.493694,56.06824,51.957317,48.483376,41.78527,0.999999104,0.999999619,0.99999974,0.999997617,0.999983857,0.996790879,0.996070519,0.992656425,0.977217687,0.883645733,0.021540594,0.015189034,0.002122823,0.003383105,0.000899244,0.404679257,0.365690433,0.104799343,0.097614416,0.023410516,0.999971367,0.999985185,0.999979354,0.999748685,0.998748838,0.970209552,0.967314362,0.921473478,0.843013431,0.543290987,31835.31464,24120.05628,22825.32883,16321.40876,0.096636396,0.073216657,0.0692865,0.04954379,0.10020173,4,3,3,2,4
94,"11 wardrop Street , 4740, queensland",-21.1554476,149.1715401,TC_Curve1,114104,99.427956,100.0366,103.98611,95.89612,94.50344,64.645134,64.319855,61.07151,55.2809,48.28858,23.210484,21.792347,13.073029,15.109788,9.252893,37.73261,37.199394,30.400167,30.014292,23.45792,83.19938,84.10861,84.90743,73.58312,66.88445,54.21454,54.287525,49.006763,46.8245,39.53784,0.999998044,0.999998294,0.999999299,0.999995669,0.999994075,0.995119335,0.994750641,0.989158097,0.961224452,0.837124906,0.017877982,0.013057382,0.001856321,0.002932439,0.000786668,0.323366953,0.297689087,0.084068832,0.077619723,0.01888231,0.999924606,0.999938555,0.999948663,0.999344089,0.997045533,0.951221766,0.951978182,0.857978023,0.787100986,0.417724064,10320.94415,7866.538178,7432.320572,4940.764017,0.09045208,0.068941827,0.065136372,0.043300533,0.092723594,4,3,3,2,4
95,"10 Wardrop Street, 4740, queensland",-21.1552002,149.1720225,TC_Curve1,876118,99.427956,100.0366,103.98611,95.89612,94.50344,64.645134,64.319855,61.07151,55.2809,48.28858,23.210484,21.792347,13.073029,15.109788,9.252893,37.73261,37.199394,30.400167,30.014292,23.45792,83.19938,84.10861,84.90743,73.58312,66.88445,54.21454,54.287525,49.006763,46.8245,39.53784,0.999998044,0.999998294,0.999999299,0.999995669,0.999994075,0.995119335,0.994750641,0.989158097,0.961224452,0.837124906,0.017877982,0.013057382,0.001856321,0.002932439,0.000786668,0.323366953,0.297689087,0.084068832,0.077619723,0.01888231,0.999924606,0.999938555,0.999948663,0.999344089,0.997045533,0.951221766,0.951978182,0.857978023,0.787100986,0.417724064,79246.69553,60401.17521,57067.14782,37936.37637,0.09045208,0.068941827,0.065136372,0.043300533,0.092723594,4,3,3,2,4
96,"9 Robinson Street, 4740, queensland",-21.1205012,149.1931131,TC_Curve1,618355,101.18499,103.489456,106.46453,99.00987,97.78467,65.99808,66.66259,62.805813,56.578426,49.704384,23.584509,22.232494,13.312251,15.336253,9.482061,38.483788,37.700657,30.83997,30.761505,24.032562,83.5649,84.53956,86.55015,74.23965,67.050186,55.261963,55.426983,50.209015,47.643646,40.541492,0.999998683,0.999999216,0.999999598,0.999997851,0.999997169,0.996395725,0.99689476,0.992635502,0.970755721,0.876053477,0.019417319,0.014397263,0.001958785,0.003085275,0.000828265,0.361396227,0.321795801,0.092009678,0.090545191,0.021432957,0.999930558,0.999944233,0.999964527,0.99943412,0.997153379,0.961065321,0.962431257,0.887866398,0.816357986,0.473455124,57447.8882,43804.57043,41751.76641,28714.91902,0.092904381,0.070840489,0.067520706,0.046437595,0.096259674,4,3,3,2,4
97,"6 robinson street, 4740, queensland",-21.1198997,149.1936516,TC_Curve1,427840,101.18499,103.489456,106.46453,99.00987,97.78467,65.99808,66.66259,62.805813,56.578426,49.704384,23.584509,22.232494,13.312251,15.336253,9.482061,38.483788,37.700657,30.83997,30.761505,24.032562,83.5649,84.53956,86.55015,74.23965,67.050186,55.261963,55.426983,50.209015,47.643646,40.541492,0.999998683,0.999999216,0.999999598,0.999997851,0.999997169,0.996395725,0.99689476,0.992635502,0.970755721,0.876053477,0.019417319,0.014397263,0.001958785,0.003085275,0.000828265,0.361396227,0.321795801,0.092009678,0.090545191,0.021432957,0.999930558,0.999944233,0.999964527,0.99943412,0.997153379,0.961065321,0.962431257,0.887866398,0.816357986,0.473455124,39748.21015,30308.39471,28888.05903,19867.86062,0.092904381,0.070840489,0.067520706,0.046437595,0.096259674,4,3,3,2,4
98,"50 Hamilton Street , 4740, queensland",-21.1182189,149.1888049,TC_Curve1,186373,101.97864,102.54949,106.46332,99.155624,95.90006,65.65044,65.35943,61.916046,56.21021,49.213253,23.536728,21.984337,13.135722,15.40301,9.530976,38.321957,37.63829,30.819265,30.409489,23.724182,83.769394,84.95543,85.91286,74.38134,67.154144,54.78102,54.77401,49.89676,47.35943,40.110447,0.999998898,0.999999031,0.999999598,0.99999792,0.999995673,0.996103595,0.995841003,0.991017689,0.968309465,0.863546219,0.019213656,0.013625995,0.001882645,0.003131825,0.000837424,0.353035035,0.318740696,0.091621192,0.084230482,0.020024874,0.999933681,0.999949215,0.999959057,0.999451868,0.997219014,0.956807458,0.956742208,0.880677929,0.80657535,0.449355679,17216.19167,13137.22669,12409.21362,8412.29705,0.092374924,0.070488894,0.066582679,0.045136887,0.095405051,4,3,3,2,4
99,"68 Grendon Street, 4740, queensland",-21.1183055,149.1901736,TC_Curve1,113431,101.18499,103.489456,106.46453,99.00987,97.78467,65.99808,66.66259,62.805813,56.578426,49.704384,23.584509,22.232494,13.312251,15.336253,9.482061,38.483788,37.700657,30.83997,30.761505,24.032562,83.5649,84.53956,86.55015,74.23965,67.050186,55.261963,55.426983,50.209015,47.643646,40.541492,0.999998683,0.999999216,0.999999598,0.999997851,0.999997169,0.996395725,0.99689476,0.992635502,0.970755721,0.876053477,0.019417319,0.014397263,0.001958785,0.003085275,0.000828265,0.361396227,0.321795801,0.092009678,0.090545191,0.021432957,0.999930558,0.999944233,0.999964527,0.99943412,0.997153379,0.961065321,0.962431257,0.887866398,0.816357986,0.473455124,10538.23678,8035.507481,7658.941248,5267.462833,0.092904381,0.070840489,0.067520706,0.046437595,0.096259674,4,3,3,2,4
100,"23 Graves Street, 4740, queensland",-21.1204137,149.1922604,TC_Curve1,116795,101.18499,103.489456,106.46453,99.00987,97.78467,65.99808,66.66259,62.805813,56.578426,49.704384,23.584509,22.232494,13.312251,15.336253,9.482061,38.483788,37.700657,30.83997,30.761505,24.032562,83.5649,84.53956,86.55015,74.23965,67.050186,55.261963,55.426983,50.209015,47.643646,40.541492,0.999998683,0.999999216,0.999999598,0.999997851,0.999997169,0.996395725,0.99689476,0.992635502,0.970755721,0.876053477,0.019417319,0.014397263,0.001958785,0.003085275,0.000828265,0.361396227,0.321795801,0.092009678,0.090545191,0.021432957,0.999930558,0.999944233,0.999964527,0.99943412,0.997153379,0.961065321,0.962431257,0.887866398,0.816357986,0.473455124,10850.76712,8273.814886,7886.080904,5423.678902,0.092904381,0.070840489,0.067520706,0.046437595,0.096259674,4,3,3,2,4
101,"4 Cameron Street, 4740, queensland",-21.1538038,149.2012361,TC_Curve1,874484,99.38802,99.66409,104.564835,96.96822,96.98681,65.105,65.29771,61.9126,55.13504,48.546463,23.342722,22.120821,13.33252,15.102258,9.246266,38.02639,37.319706,30.5683,30.648623,23.95457,82.57156,83.43027,84.15229,73.171814,66.624,54.760235,55.168636,49.587765,47.56795,40.2849,0.999998026,0.999998145,0.999999384,0.999996598,0.999996612,0.995597025,0.995783081,0.991010787,0.959982439,0.844883033,0.018408024,0.014045,0.001967721,0.002927489,0.000785497,0.337996802,0.303380036,0.087028289,0.088475132,0.021067949,0.999913166,0.999928422,0.999939156,0.99928053,0.996867763,0.956613743,0.960271852,0.873175797,0.813790655,0.459087092,79846.48995,61061.13126,58633.46699,39586.05037,0.091306976,0.069825327,0.067049216,0.045267896,0.094144658,4,3,3,2,4
102,"21 Earnest Street, 4740, queensland",-21.1198558,149.1917667,TC_Curve1,798984,101.18499,103.489456,106.46453,99.00987,97.78467,65.99808,66.66259,62.805813,56.578426,49.704384,23.584509,22.232494,13.312251,15.336253,9.482061,38.483788,37.700657,30.83997,30.761505,24.032562,83.5649,84.53956,86.55015,74.23965,67.050186,55.261963,55.426983,50.209015,47.643646,40.541492,0.999998683,0.999999216,0.999999598,0.999997851,0.999997169,0.996395725,0.99689476,0.992635502,0.970755721,0.876053477,0.019417319,0.014397263,0.001958785,0.003085275,0.000828265,0.361396227,0.321795801,0.092009678,0.090545191,0.021432957,0.999930558,0.999944233,0.999964527,0.99943412,0.997153379,0.961065321,0.962431257,0.887866398,0.816357986,0.473455124,74229.11355,56600.41708,53947.96408,37102.89536,0.092904381,0.070840489,0.067520706,0.046437595,0.096259674,4,3,3,2,4
103,"17 Queesn Street, 4740, queensland",-22.575197,144.0847926,TC_Curve1,998504,54.9548,63.24569,51.982403,57.21997,55.135445,19.949047,15.97502,18.257633,19.217863,18.365818,4.479172,3.3104095,2.797986,3.0675786,1.931711,7.9623833,6.151129,5.948194,5.9265428,4.972974,30.079742,23.809933,27.018955,28.471792,27.086432,14.288189,11.168626,11.838016,12.9029,11.53464,0.95839495,0.993324908,0.921880965,0.974586996,0.959985934,0.008662582,0.0035605,0.005936695,0.007358051,0.006082102,0.000268844,0.000206685,0.000184179,0.000195696,0.000151565,0.00058852,0.000391598,0.000374124,0.000372307,0.00030043,0.078680745,0.020407061,0.041124625,0.056134501,0.041727558,0.002438666,0.001210109,0.001406552,0.001786723,0.001313858,1329.152479,1492.028676,1720.702657,1526.891103,0.001331144,0.001494264,0.001723281,0.001529179,0.001980519,0,0,0,0,0
104,"5 peterson Street, 4740, queensland",-21.1212192,149.1879523,TC_Curve1,470927,101.97864,102.54949,106.46332,99.155624,95.90006,65.65044,65.35943,61.916046,56.21021,49.213253,23.536728,21.984337,13.135722,15.40301,9.530976,38.321957,37.63829,30.819265,30.409489,23.724182,83.769394,84.95543,85.91286,74.38134,67.154144,54.78102,54.77401,49.89676,47.35943,40.110447,0.999998898,0.999999031,0.999999598,0.99999792,0.999995673,0.996103595,0.995841003,0.991017689,0.968309465,0.863546219,0.019213656,0.013625995,0.001882645,0.003131825,0.000837424,0.353035035,0.318740696,0.091621192,0.084230482,0.020024874,0.999933681,0.999949215,0.999959057,0.999451868,0.997219014,0.956807458,0.956742208,0.880677929,0.80657535,0.449355679,43501.84573,33195.12351,31355.58123,21256.17881,0.092374924,0.070488894,0.066582679,0.045136887,0.095405051,4,3,3,2,4
105,"5 perkinson Street, 4740, queensland",-21.1208546,149.1846764,TC_Curve1,868887,101.97864,102.54949,106.46332,99.155624,95.90006,65.65044,65.35943,61.916046,56.21021,49.213253,23.536728,21.984337,13.135722,15.40301,9.530976,38.321957,37.63829,30.819265,30.409489,23.724182,83.769394,84.95543,85.91286,74.38134,67.154144,54.78102,54.77401,49.89676,47.35943,40.110447,0.999998898,0.999999031,0.999999598,0.99999792,0.999995673,0.996103595,0.995841003,0.991017689,0.968309465,0.863546219,0.019213656,0.013625995,0.001882645,0.003131825,0.000837424,0.353035035,0.318740696,0.091621192,0.084230482,0.020024874,0.999933681,0.999949215,0.999959057,0.999451868,0.997219014,0.956807458,0.956742208,0.880677929,0.80657535,0.449355679,80263.37039,61246.88387,57852.82413,39218.85438,0.092374924,0.070488894,0.066582679,0.045136887,0.095405051,4,3,3,2,4
